Q_TotalDuration,Q1.1,Q1.1_TEXT,Q1.2,Q1.3,Q1.4,Q1.5,Q1.6,Q7.1_1,Q7.1_2,Q7.1_3,Q7.1_4,Q7.1_5,Q7.1_6,Q7.1_7,Q7.1_8,Q7.2_1,Q7.2_2,Q7.2_3,Q7.2_4,Q7.2_5,Q7.2_6,Q7.2_7,Q7.2_8,Q14.1,Q14.2,Q14.3,Q14.4_1,Q14.4_2,Q14.4_3,Q14.4_4,Q14.4_5,Q14.4_6,Q14.4_7,Q14.5_1,Q14.5_2,Q14.5_3,Q14.5_4,Q14.5_5,Q14.5_6,Q14.5_7,Q14.5_8,Q14.5_9,Q14.5_10,Q15.1,Cluster_3
538,1, ,3,1,7,5,4,1,2,2,2,2,2,2,2,45,42,47,47,41,45,41,42,1,1,1,0,0,0,0,1,0,0,0,1,1,1,0,0,0,0,0,0,1,1
737,1, ,3,3,3,5,4,2,2,2,2,2,2,2,2,6,16,20,23,20,13,15,20,1,2,1,0,0,0,0,1,0,0,0,1,1,1,0,0,0,0,0,0,1,3
630,2, ,3,1,6,5,6,1,2,2,2,2,2,1,2,45,33,43,46,37,42,50,37,1,4,1,0,0,0,0,1,0,0,0,0,1,1,0,0,0,0,0,0,1,1
944,1, ,4,3,6,5,3,2,2,1,1,2,2,2,2,10,50,-50,50,50,50,-50,-30,2,3,3,0,1,0,0,0,0,0,0,0,0,0,0,1,0,0,0,0,4,2
2155,1, ,3,3,5,5,5,2,2,2,1,2,1,2,2,34,36,50,25,39,41,-25,0,1,4,2,0,0,0,0,1,0,0,0,1,1,0,0,0,0,0,0,0,2,1
2990,2, ,6,3,5,5,5,2,2,1,1,2,1,2,2,3,24,-18,28,24,23,-21,-21,2,5,3,0,0,0,0,1,0,0,1,0,0,0,0,0,0,0,0,0,4,2
931,2, ,5,1,6,5,5,2,2,2,2,2,2,2,2,24,32,29,36,29,32,23,23,1,3,1,0,0,0,0,1,0,0,0,1,1,0,0,0,0,0,0,0,1,1
1834,1, ,3,3,6,5,3,1,1,1,2,2,1,1,2,35,37,35,35,33,35,35,37,1,3,1,0,0,0,0,1,0,0,0,1,1,1,0,1,0,0,0,0,1,1
3150,2, ,3,1,6,5,6,1,2,2,2,1,1,1,2,48,47,46,48,48,50,48,49,1,1,1,0,0,0,0,1,0,0,0,1,1,0,0,0,0,0,0,0,1,1
628,1, ,3,3,7,5,7,1,1,2,2,2,1,2,2,47,37,37,39,47,47,44,50,1,1,1,0,0,0,0,1,0,0,0,1,0,0,0,0,0,0,0,0,2,1
869,2, ,5,2,3,4,1,2,1,1,1,1,1,1,2,15,43,40,50,14,33,-18,-10,3,1,3,0,0,0,0,1,0,0,0,1,1,0,1,0,0,0,0,0,1,2
1395,1, ,3,2,3,5,3,1,2,1,2,1,1,1,2,12,25,31,29,20,25,17,35,3,4,2,0,0,0,0,1,0,0,0,1,1,0,0,0,0,0,0,0,1,1
1310,1, ,3,2,6,5,5,2,2,2,2,1,2,2,2,28,30,26,25,25,26,22,24,1,4,1,0,0,0,0,1,0,0,0,1,1,1,0,0,0,0,0,0,1,1
1771,1, ,5,3,6,5,5,2,2,1,1,2,1,1,2,18,7,4,27,5,22,0,29,2,4,3,0,0,0,0,1,0,0,0,1,1,0,0,0,0,0,0,0,4,3
2084,2, ,6,2,5,4,4,2,2,2,2,2,2,2,2,-50,50,-50,20,50,50,-50,-50,2,4,3,0,0,0,0,1,0,0,0,1,0,0,0,0,0,0,0,0,5,2
1161,1, ,3,3,7,5,5,1,2,2,2,2,1,2,2,13,14,20,15,22,20,14,13,1,4,1,0,0,0,0,1,0,0,0,1,1,0,0,0,0,0,0,0,1,3
507,1, ,3,3,5,5,4,1,2,1,2,1,2,1,2,45,33,42,42,37,26,39,38,1,2,1,0,0,0,0,1,0,0,0,1,1,0,0,0,0,0,0,0,1,1
679,1, ,3,1,7,5,7,2,2,2,2,2,2,2,2,24,39,36,28,47,39,34,28,1,5,1,0,0,0,0,1,0,0,0,1,1,1,0,0,0,0,0,0,1,1
534,1, ,3,1,7,5,7,2,2,2,2,2,2,2,2,25,30,36,37,34,27,47,42,1,4,1,0,0,0,0,1,0,0,0,1,1,1,0,0,0,0,0,0,2,1
4435,2, ,3,3,3,5,3,1,1,1,1,1,1,1,2,14,1,14,29,16,44,25,39,1,3,2,0,0,0,0,1,0,0,0,1,0,0,0,0,0,0,0,0,5,3
911,2, ,6,3,6,5,3,2,2,1,1,1,1,1,2,3,50,11,50,50,28,-7,-14,3,3,3,0,0,0,0,1,0,0,0,0,0,0,0,0,1,0,0,0,2,2
1014,2, ,3,1,5,5,2,2,2,1,1,2,1,2,2,1,50,-50,50,50,50,-50,-50,1,3,3,1,0,0,0,0,0,0,1,0,0,0,0,0,0,0,0,0,3,2
1484,1, ,3,3,6,5,4,1,1,1,1,1,1,1,2,25,-30,10,18,12,17,14,15,1,4,1,0,0,0,0,1,0,0,0,1,1,1,0,0,0,0,0,0,1,3
658,2, ,2,1,4,5,2,1,1,1,1,1,1,1,2,50,50,31,50,50,50,10,20,3,2,2,0,0,0,0,1,0,0,0,0,1,0,0,0,0,0,0,0,2,1
1117,2, ,2,2,5,4,1,1,1,1,1,1,1,2,2,50,22,41,49,-9,6,15,36,2,3,3,0,0,0,0,1,0,0,0,0,0,0,0,1,0,0,0,0,1,3
667,1, ,3,1,7,5,7,2,2,2,2,2,2,2,2,44,39,39,43,37,48,45,47,1,5,1,0,0,0,0,1,0,0,0,1,1,1,0,0,0,0,0,0,2,1
1136,2, ,2,2,4,4,3,2,1,1,1,1,1,2,2,15,-9,25,13,7,10,9,-5,2,4,1,1,0,0,0,0,0,0,0,0,0,0,0,1,0,0,0,0,4,3
1600,2, ,2,2,5,4,1,2,2,1,1,2,1,1,2,-10,22,-17,26,23,19,-17,-11,2,3,2,0,0,0,0,1,0,0,0,0,0,0,0,1,0,0,0,0,3,3
1937,1, ,3,1,5,4,2,2,2,1,1,1,2,1,2,21,-11,-18,46,15,16,17,19,2,4,1,0,0,1,0,0,0,0,0,1,1,1,0,0,0,0,0,0,2,3
17098,2, ,3,2,7,5,4,1,1,1,1,2,1,1,2,13,9,16,10,13,16,17,9,2,5,2,0,0,0,0,1,0,0,0,0,1,0,0,0,0,0,0,0,1,3
340,1, ,3,1,3,5,5,2,2,2,2,2,2,2,2,35,36,39,36,20,40,41,41,1,1,1,1,0,0,0,0,0,0,0,0,1,0,0,0,0,0,0,0,3,1
573,1, ,3,1,3,5,3,2,1,1,1,1,1,1,2,10,9,-11,13,9,12,8,13,2,3,2,0,0,1,0,0,0,0,0,1,0,0,0,0,0,0,0,0,2,3
2931,1, ,5,3,5,5,5,2,2,1,1,1,1,1,2,1,50,25,50,50,50,-22,-22,2,4,3,0,0,0,0,1,0,0,0,0,1,1,0,1,0,0,0,0,2,2
997,2, ,2,1,3,4,2,2,1,1,1,1,1,1,2,-21,12,5,19,12,13,-9,9,3,3,2,0,0,0,0,1,0,0,1,0,0,0,0,0,0,0,0,0,4,3
1919,2, ,2,1,3,4,2,2,1,1,1,2,1,1,2,33,-14,29,28,17,14,13,27,2,4,2,1,0,1,0,0,0,0,0,0,1,0,0,1,0,0,0,0,5,3
994,2, ,6,1,3,5,5,1,2,1,1,1,1,1,2,-49,20,16,19,15,49,-10,1,2,5,3,0,0,0,0,1,0,0,0,1,1,0,0,0,0,0,0,0,3,2
552,1, ,3, ,5,5,4,2,2,1,1,2,1,1,2,9,22,22,13,20,24,11,16,1,5,1,0,0,0,0,1,0,0,0,1,1,0,0,0,0,0,0,0,1,3
890,2, ,2,3,5,5,3,2,2,2,2,2,1,1,2,17,35,-22,34,45,39,-22,33,2,3,3,0,0,0,0,1,0,0,0,1,0,0,0,0,0,0,0,0,4,2
1256,1, ,2,3,5,5,4,2,1,1,1,1,1,2,2,50,25,50,18,50,49,20,25,2,4,2,0,0,0,0,1,0,0,1,0,0,0,0,0,0,0,0,0,2,1
687,2, ,4,1,4,5,3,2,2,1,1,1,1,1,2,19,-14,50,50,17,24,9,29,2,4,3,0,0,0,0,1,0,0,0,1,1,1,0,0,0,0,0,0,2,1
502,1, ,3,1,6,5,3,2,2,1,1,2,2,1,2,37,37,32,35,27,30,33,39,1,1,1,0,0,0,0,1,0,0,0,1,1,0,0,0,0,0,0,0,1,1
1320,1, ,3,3,7,5,4,2,2,1,1,2,1,1,2,40,33,44,48,46,47,35,43,1,3,2,0,0,0,0,1,0,0,0,1,1,0,0,0,0,0,0,0,1,1
33216,2, ,3,1,4,5,1,2,2,2,2,2,2,2,2,48,24,39,43,47,41,40,44,2,3,2,1,0,1,0,0,0,0,1,0,0,0,0,0,0,0,0,0,2,1
1089,2, ,3,1,5,5,3,2,2,2,2,1,2,2,2,44,44,49,46,48,50,47,50,1,5,1,0,0,0,0,1,0,0,0,1,1,0,0,0,0,0,0,0,2,1
650,2, ,6,1,5,5,3,2,1,1,1,1,1,1,2,19,-4,18,18,23,34,14,12,2,3,2,0,0,0,0,1,0,0,0,1,0,0,0,0,0,0,0,0,4,3
689,1, ,3,3,6,5,5,1,2,2,1,1,1,2,2,24,22,16,8,22,20,18,15,1,4,3,0,0,0,1,0,0,0,0,1,1,1,0,0,0,0,0,0,1,3
685,2, ,4,2,6,5,5,2,1,1,1,1,2,1,2,40,29,9,25,26,32,45,11,2,4,3,0,0,0,0,1,0,0,0,1,1,0,0,0,0,0,0,0,1,1
693,1, ,3,2,6,4,6,1,1,2,2,1,1,2,2,12,12,-8,32,33,6,24,43,1,3,1,0,0,0,0,1,0,0,0,1,1,0,0,0,0,0,0,0,10,3
598,2, ,3,2,3,4,2,2,2,2,1,2,2,1,2,9,19,17,-14,8,13,-8,4,2,2,1,0,0,1,0,0,0,0,0,0,0,0,0,1,0,0,0,0,2,3
561,1, ,3,1,7,5,7,2,2,2,2,2,2,2,2,28,47,46,40,40,40,41,48,1,5,1,0,0,0,0,1,0,0,0,1,1,1,0,0,0,0,0,0,1,1
579,2, ,2,2,3,4,1,2,2,2,1,1,2,1,2,50,50,-50,50,50,50,-50,-7,1,2,1,0,0,0,0,1,0,0,0,0,0,1,0,0,0,0,0,0,4,2
733,2, ,2,1,7,5,7,1,1,1,1,1,1,1,2,17,12,34,28,23,19,26,14,2,3,1,0,0,0,0,1,0,0,0,1,0,0,0,0,0,0,0,0,1,3
1783,1, ,3,2,3,5,3,1,1,1,1,1,1,1,2,26,24,17,49,49,44,30,31,1,4,1,1,0,0,0,0,0,0,0,0,0,1,0,0,1,0,0,0,4,1
1332,2, ,2,1,5,5,2,2,2,2,2,1,1,2,2,-30,-7,14,44,-16,-8,23,9,2,3,3,0,0,0,0,0,1,0,0,0,0,0,0,1,0,0,0,0,4,3
624,1, ,4,3,5,5,4,2,2,1,2,1,1,1,2,22,41,-5,8,25,46,45,24,1,1,3,0,0,0,0,1,0,0,0,1,1,0,0,0,0,0,0,0,2,2
790,2, ,2,1,2,4,1,2,1,2,1,1,1,1,2,28,-12,-6,-5,-1,-1,-6,-14,3,3,3,0,0,0,0,1,0,0,1,0,0,0,0,0,0,0,0,0,1,3
846,2, ,3,1,3,4,3,2,1,1,1,1,1,2,2,21,22,8,50,50,20,22,13,1,3,1,0,0,1,0,0,0,0,0,1,1,0,0,0,0,0,0,0,2,1
1234,2, ,2,1,2,5,1,1,1,1,1,1,1,1,2,-4,15,-9,23,13,7,-15,-10,1,3,2,0,0,0,0,1,0,0,1,0,0,0,0,0,0,0,0,0,5,3
832,2, ,2,1,3,4,2,1,2,1,1,1,1,1,2,42,22,21,22,20,11,37,7,2,3,2,0,0,0,0,1,0,0,0,0,0,0,0,0,0,0,1,0,3,3
2442,2, ,2,1,5,5,4,1,1,1,1,1,1,1,2,13,-12,11,-7,17,-17,-27,-18,1,3,1,0,1,0,0,0,0,0,0,0,0,1,0,1,0,0,0,0,3,3
1396,2, ,2,2,2,4,1,2,2,1,1,2,2,2,2,-50,50,8,50,50,50,-22,-50,2,2,2,0,0,0,0,1,0,0,0,0,0,0,0,1,0,0,0,0,4,2
787,2, ,2,2,3,4,1,2,2,2,2,1,1,1,2,5,12,22,50,23,20,26,36,2,3,2,0,0,0,0,1,0,0,0,0,0,0,0,1,0,0,0,0,2,1
1534,2, ,6,3,3,5,5,2,2,1,1,2,1,2,2,41,18,-11,-25,38,48,26,-25,1,4,3,0,0,0,1,0,0,0,0,0,0,0,0,1,0,0,0,0,4,3
1793,1, ,4, ,3,5,2,2,1,1,1,1,1,1,2,0,12,-8,18,14,14,6,-6,2,2,2,0,0,0,0,1,0,0,1,0,0,0,0,0,0,0,0,0,5,3
2389,2, ,3,1,5,4,1,2,2,2,1,2,1,1,2,47,46,-17,35,28,36,15,18,1,3,2,0,0,1,1,0,0,0,0,0,0,0,0,0,1,0,0,0,1,2
899,1, ,4,3,3,5,5,2,2,1,2,1,1,2,2,27,14,19,21,33,29,25,23,2,1,1,0,0,0,0,1,0,0,0,1,1,0,0,0,0,0,0,0,2,1
1408,2, ,2,1,5,4,1,1,2,1,1,2,1,2,2,50,36,-22,34,25,48,13,-24,1,3,1,0,0,0,0,1,0,0,0,0,0,0,0,0,1,0,0,0,2,2
1166,2, ,2,2,3,5,2,2,2,1,1,1,1,2,2,9,41,-14,48,20,46,-9,17,1,4,2,1,0,0,0,0,0,0,0,0,1,0,0,0,0,0,0,0,2,2
1471,1, ,6,3,6,5,4,2,2,1,1,2,2,2,2,9,34,-7,34,42,42,10,29,2,3,3,0,0,0,0,1,0,0,0,0,0,0,0,0,1,0,0,0,4,2
1308,2, ,3,3,6,5,3,2,1,1,1,1,1,1,2,22,25,-6,24,31,12,9,11,2,4,2,0,0,0,0,1,0,0,1,0,0,0,0,0,0,0,0,0,2,3
1157,2, ,4,1,3,5,4,2,2,2,2,2,2,2,2,14,30,24,22,26,32,33,-5,2,4,3,0,0,0,0,1,0,0,0,0,1,0,0,1,0,0,0,0,4,2
4153,1, ,5,1,6,5,5,2,1,2,1,1,1,2,2,48,45,43,48,44,50,43,42,1,5,1,0,0,0,0,1,0,0,0,1,1,0,0,0,0,0,0,0,1,1
1669,1, ,4,1,6,5,4,1,1,1,1,1,1,1,2,21,15,15,13,17,7,24,28,3,4,2,0,0,0,0,1,0,0,0,1,1,0,0,0,0,0,0,0,4,3
3002,2, ,3,3,6,5,3,1,1,1,1,1,1,2,2,12,48,9,48,50,50,19,0,2,3,3,1,0,1,1,1,0,0,0,1,1,1,0,0,0,0,0,0,3,2
2203,2, ,3,3,7,5,4,1,1,1,1,1,1,1,2,45,41,48,39,35,34,43,33,2,1,1,0,0,0,0,1,0,0,0,1,1,0,0,0,0,0,0,0,1,1
8856,1, ,3,1,5,5,5,1,1,1,1,1,1,1,2,-1,-50,21,-20,20,-1,34,50,1,4,1,0,0,0,0,1,0,0,0,1,1,0,0,0,0,0,0,0,1,3
979,2, ,3,1,3,5,2,2,2,2,2,2,2,2,2,32,17,23,10,29,15,39,21,2,3,1,0,0,1,0,0,0,0,0,1,1,1,0,0,0,0,0,0,1,3
452,2, ,5,3,6,5,5,2,2,2,2,1,2,1,2,31,37,46,25,20,22,11,42,1,5,1,0,0,1,0,0,0,0,1,0,0,0,0,0,0,0,0,0,1,1
678,2, ,2,1,3,4,1,2,1,1,1,1,1,1,2,-48,-8,-23,-24,-28,20,5,5,3,3,3,0,0,0,0,1,0,0,0,0,0,0,0,0,0,0,1,0,4,3
1238,2, ,3,1,5,5,2,1,1,1,1,1,1,1,2,-18,-50,29,-50,49,50,50,-50,1,3,1,1,0,0,0,0,0,0,0,1,1,0,0,0,0,0,0,0,1,3
389,2, ,3,1,5,5,4,2,2,2,2,2,2,2,2,33,25,20,37,41,45,31,27,2,4,2,1,0,0,0,0,0,0,0,0,1,1,0,0,0,0,0,0,1,1
1520,2, ,3,1,5,4,2,2,2,1,1,1,1,1,2,40,20,0,20,40,50,0,20,1,2,2,0,0,1,0,0,0,0,1,0,0,0,0,0,0,0,0,0,1,1
1213,2, ,4,3,6,5,4,1,1,1,1,1,1,1,2,6,11,8,22,15,27,10,-12,2,4,3,0,0,1,0,0,0,0,0,1,1,1,0,0,0,0,0,0,2,3
420,2, ,2,1,3,4,3,2,2,2,2,2,2,2,2,20,24,33,29,23,27,32,28,2,4,1,0,0,0,0,1,0,0,1,0,0,0,0,0,0,0,0,0,4,1
1931,2, ,3,2,4,4,2,2,1,2,2,1,1,1,2,30,25,25,25,17,48,26,10,1,2,3,0,0,1,0,0,0,0,0,0,0,0,0,0,1,0,0,0,1,1
640,1, ,2,2,3,5,1,2,1,2,2,1,1,1,2,9,23,-6,26,22,14,-15,-9,1,3,2,0,0,0,0,1,0,0,1,0,0,0,0,0,0,0,0,0,3,3
850,2, ,2,2,5,5,2,2,2,1,1,1,1,2,2,9,26,-11,37,28,41,-19,-2,1,4,2,0,0,1,0,0,0,0,0,0,0,0,0,1,0,0,0,0,4,2
1135,2, ,3,2,3,5,2,2,2,1,1,1,1,2,2,50,27,-27,50,37,47,39,19,2,4,3,0,0,1,0,0,0,0,0,0,0,0,0,1,0,0,0,0,2,2
1818,2, ,2,1,3,4,2,2,2,2,1,1,1,2,2,17,26,-15,36,34,34,6,7,2,4,3,0,0,0,0,1,0,0,0,0,0,0,0,0,1,0,0,0,2,2
758,2, ,2,2,3,4,2,1,1,1,1,1,1,1,2,42,-18,28,24,27,11,27,30,1,4,2,0,0,0,0,1,0,0,0,1,0,0,0,0,0,0,0,0,2,3
935,2, ,2,2,3,4,2,2,2,2,2,2,1,2,2,40,42,2,15,40,50,2,4,2,3,3,1,0,0,0,0,0,0,0,0,0,0,0,1,0,0,0,0,2,2
1474,2, ,2,1,3,4,1,2,2,1,1,1,1,1,2,-20,18,-21,32,44,46,1,-16,3,3,2,0,0,0,0,1,0,0,0,1,0,0,0,0,0,0,0,0,6,2
553,2, ,3,2,5,5,5,1,2,1,1,2,1,1,2,32,32,32,32,32,33,32,32,1,5,2,0,0,0,0,1,0,0,1,0,0,0,0,0,0,0,0,0,8,1
1118,2, ,5,1,2,5,4,1,1,1,1,1,1,1,2,15,29,30,29,30,33,32,33,1,4,2,0,0,1,0,0,0,0,0,1,1,1,0,0,0,0,0,0,3,1
1380,2, ,4,1,5,6,1,2,2,1,1,2,2,1,2,-50,50,-50,49,50,48,-50,-33,2,3,3,0,0,0,0,1,0,0,0,0,1,1,0,1,0,0,0,0,4,2
4908,2, ,5,3,3,5,5,2,2,1,1,2,1,1,2,12,-14,-28,35,-11,-16,29,23,1,4,2,0,0,0,0,1,0,0,0,1,1,1,0,0,0,0,0,0,1,3
948,1, ,6,3,3,5,4,2,2,1,1,1,1,1,2,-14,24,4,14,13,19,-25,-5,2,4,3,0,0,0,0,1,0,0,1,0,0,0,0,0,0,0,0,0,6,3
974,1, ,5,1,5,5,4,2,1,1,1,1,2,2,2,46,45,44,48,44,43,45,47,1,5,3,0,0,1,0,0,0,0,0,1,1,0,0,0,0,0,0,0,2,1
1015,2, ,2,2,5,5,2,2,2,2,2,2,2,2,2,41,41,41,39,43,42,43,47,1,3,1,0,1,0,0,0,0,0,0,0,0,0,0,1,0,0,0,0,3,1
873,2, ,6,1,5,5,3,1,1,2,1,1,1,1,2,43,40,28,38,41,40,40,38,1,2,1,0,0,1,0,1,0,0,0,1,0,0,0,0,0,0,0,0,1,1
1092,2, ,3,2,6,4,5,1,2,2,1,2,2,2,2,39,39,37,43,27,41,31,39,1,5,2,0,0,0,0,1,0,0,0,1,1,0,0,0,0,0,0,0,1,1
1228,1, ,3,1,7,5,4,1,2,1,1,1,1,1,2,34,-27,45,37,20,46,24,24,1,4,2,0,0,0,0,1,0,0,0,1,1,1,0,0,0,0,0,0,1,1
1091,2, ,6,3,5,5,4,2,1,1,1,1,1,1,2,3,34,12,33,38,50,8,28,1,3,3,0,0,0,0,1,0,0,0,1,0,1,0,0,0,0,0,0,1,2
1331,2, ,2,1,3,6,1,2,1,2,1,2,1,1,2,17,26,13,16,37,41,-20,9,2,4,3,0,0,0,0,1,0,0,0,0,0,1,0,0,1,0,0,0,4,2
9537,2, ,3,1,6,4,1,1,1,1,1,1,1,2,2,45,10,-42,47,15,32,-42,-15,1,2,2,0,0,0,0,1,0,0,1,0,0,0,0,0,0,0,0,0,3,2
7961,1, ,2,1,5,5, ,1,1,2,2,2,2,1,2,31,37,37,42,35,29,40,33,3,4,3,0,0,0,0,1,0,0,0,0,0,0,0,0,1,0,0,0,1,1
464,2, ,4,2,4,4,1,2,2,2,2,1,2,1,2,8,26,10,31,23,38,37,34,1,3,2,0,0,1,0,0,0,0,0,1,0,0,0,0,0,0,0,0,1,1
1356,2, ,6,3,5,5,3,2,1,1,1,1,1,1,2,21,20,0,50,50,50,-50,20,2,3,3,0,0,0,0,1,0,0,0,1,0,0,0,0,0,0,0,0,2,2
1183,2, ,3,3,6,5,6,2,1,2,2,2,2,2,2,48,43,47,46,46,45,43,33,2,4,2,0,0,0,0,1,0,0,0,1,1,0,0,0,0,0,0,0,1,1
1396,2, ,3,1,7,5,5,1,2,1,1,2,1,1,2,23,-1,1,21,1,1,19,1,2,4,2,0,0,0,0,1,0,0,0,1,1,1,0,0,0,0,0,0,1,3
586,2, ,5,1,5,5,1,2,1,1,1,2,1,1,2,9,12,18,48,25,14,11,22,3,1,3,0,0,0,0,1,0,0,0,1,1,1,0,0,0,0,0,0,2,3
424,2, ,3,1,5,5,2,2,1,1,1,1,1,1,2,16,23,15,20,22,24,19,21,2,2,2,0,0,0,0,1,0,0,1,0,0,0,0,0,0,0,0,0,1,3
1167,2, ,6,3,5,5,7,1,1,1,1,1,2,1,2,23,23,13,19,21,41,-18,-9,2,4,3,0,0,0,0,1,0,0,0,0,1,0,0,0,0,0,0,0,5,2
1975,2, ,3,1,7,5,5,1,1,1,1,1,1,1,2,16,24,16,4,13,12,15,13,2,4,3,0,0,0,0,1,0,0,0,0,1,1,1,0,0,0,0,0,1,3
2709,2, ,4,3,5,5,3,2,2,1,1,2,1,1,2,30,50,27,50,40,18,5,20,2,2,2,0,0,0,0,1,0,0,0,1,1,1,0,0,0,0,0,0,4,1
3194,1, ,5,1,5,5,5,1,2,1,1,1,1,1,2,36,6,32,2,2,30,5,23,2,4,2,0,0,0,0,1,0,0,0,1,1,0,0,0,0,0,0,0,2,3
1570,2, ,6,3,3,5,3,1,2,2,1,2,1,1,2,9,49,26,48,50,50,-41,-41,2,3,2,0,0,0,0,1,0,0,0,1,0,0,0,0,0,0,0,0,1,2
351,2, ,3,1,6,5,3,2,1,2,1,2,1,2,2,37,33,37,32,29,40,46,42,1,4,2,0,0,0,1,1,0,0,1,0,0,0,0,0,0,0,0,0,1,1
714,1, ,3,3,6,5,4,1,2,1,2,2,2,1,2,41,44,44,44,34,41,33,43,1,5,3,1,0,0,0,1,0,0,0,1,1,1,0,0,0,0,0,0,2,1
6083,1, ,3,2,2,4,4,2,2,1,2,1,2,1,2,30,14,15,31,15,13,16,24,1,4,1,0,0,0,0,1,0,0,0,1,1,1,0,0,0,0,0,0,1,3
1045,2, ,5,1,5,5,3,2,2,2,1,1,1,1,2,-16,13,-13,23,31,32,-16,7,3,2,3,0,0,0,0,1,0,0,0,0,1,0,0,0,0,0,0,0,4,2
893,1, ,6,1,5,5,5,2,1,1,1,1,1,1,2,6,13,22,39,18,11,24,19,3,5,3,0,0,0,0,1,0,0,0,0,0,1,0,0,0,0,0,0,4,3
1341,2, ,4,1,5,5,2,2,1,1,1,1,1,1,2,24,21,12,48,22,48,44,13,1,1,2,0,0,0,0,1,0,0,0,0,0,0,0,0,0,0,1,0,1,1
745,1, ,5,1,4,5,2,2,1,2,1,1,2,2,2,41,41,21,40,31,39,37,22,2,2,2,0,0,1,0,0,0,0,0,1,1,0,0,0,0,0,0,0,2,1
1061,2, ,2,3,6,5,4,2,2,2,2,2,2,2,2,42,38,-14,50,49,50,8,22,1,4,2,0,1,0,0,0,0,0,1,0,0,0,0,0,0,0,0,0,1,2
588,2, ,3,3,3,5,3,2,1,1,1,1,1,1,2,49,49,30,50,49,30,49,16,2,2,2,0,0,0,0,1,0,0,0,1,1,1,0,0,0,0,0,0,3,1
1586,2, ,2,1,3,4,1,1,1,1,1,1,1,2,2,-22,49,23,47,50,49,49,18,2,2,3,0,0,0,0,1,0,0,0,0,0,0,0,1,0,0,0,0,2,2
534,1, ,3,1,5,5,4,2,1,2,2,2,2,2,2,44,37,40,42,43,32,42,44,1,5,1,0,1,0,0,0,0,0,0,1,1,0,0,0,0,0,0,0,2,1
1491,2, ,3,1,6,5,4,1,1,1,1,1,1,1,2,26,35,37,34,30,34,41,31,2,5,2,0,0,1,0,1,0,0,0,1,1,0,0,0,0,0,0,0,2,1
922,1, ,2,1,2,5,3,1,1,2,1,1,2,2,2,39,21,39,30,42,19,31,21,2,2,3,0,0,1,0,0,0,0,1,0,0,0,0,0,0,0,0,0,5,1
701,1, ,4,3,5,5,7,2,1,1,1,1,1,1,2,38,3,30,3,3,3,35,46,2,5,2,0,0,1,0,0,0,0,0,1,1,0,0,0,0,0,0,0,2,3
1126,2, ,3,3,6,5,3,2,2,1,1,2,2,2,2,12,43,-42,50,50,50,-20,-32,1,3,1,0,0,1,0,1,0,0,0,1,0,0,0,0,0,0,0,0,10,2
1126,2, ,4,3,7,5,5,2,1,1,1,1,1,2,2,1,50,19,50,50,50,-2,-1,3,4,3,0,0,0,0,1,0,0,0,0,1,1,0,0,0,0,0,0,1,2
362,1, ,4,1,7,5,6,1,2,2,2,1,2,2,2,46,45,45,40,45,44,44,40,1,1,1,0,0,0,0,1,0,0,1,0,0,0,0,0,0,0,0,0,1,1
838,1, ,5,3,7,5,5,2,2,2,1,1,1,1,2,-50,26,1,36,49,49,-48,-46,2,4,3,0,0,0,0,1,0,0,0,1,0,0,0,0,0,0,0,0,8,2
809,2, ,2,1,3,6,2,2,2,2,2,2,2,2,2,20,32,19,16,17,17,17,37,2,4,2,0,0,0,0,1,0,0,0,0,0,1,0,1,0,0,0,0,1,3
1326,2, ,2,1,2,6,1,2,1,1,1,1,1,1,2,-10,21,10,26,39,30,-7,-10,2,1,2,0,0,0,0,1,0,0,0,0,0,0,0,0,0,0,0,1,5,2
4951,2, ,2,1,3,6,1,2,2,2,1,2,1,2,2,29,16,18,46,28,35,31,43,1,3,2,0,0,1,0,0,0,0,0,0,0,0,0,1,0,0,0,0,4,1
564,2, ,3,2,3,5,3,2,2,1,2,1,1,1,2,-26,26,20,14,35,42,28,-20,2,3,3,0,0,0,0,1,0,0,0,1,0,0,0,0,0,0,0,0,1,2
1298,2, ,2,1,2,6,1,1,1,1,1,1,1,1,2,-40,37,1,38,50,50,5,5,2,2,1,0,0,0,0,1,0,0,1,0,0,0,0,0,0,0,0,0,5,2
1031,2, ,2,1,2,6,1,1,1,1,1,1,1,1,2,-50,45,-26,50,45,50,-20,39,1,3,3,0,0,0,0,1,0,0,0,0,0,1,0,1,0,0,0,0,6,2
1418,2, ,4,1,5,5,6,1,1,1,1,1,1,1,2,50,50,50,50,50,50,50,50,2,5,3,0,0,0,0,1,0,0,0,1,1,1,0,0,0,0,0,0,1,1
627,1, ,3,1,6,5,5,2,1,2,2,1,2,1,2,15,13,14,15,11,17,20,-9,1,3,1,0,0,1,0,0,0,0,0,1,1,0,0,0,0,0,0,0,2,3
2088,2, ,2,1,3,5,2,2,1,2,2,1,1,1,2,-28,-48,-27,-31,-28,48,-27,2,2,4,2,1,0,0,0,0,0,0,1,0,0,0,0,0,0,0,0,0,2,3
1734,2, ,3,1,3,5,2,2,2,1,1,1,1,2,2,27,32,24,50,50,50,19,43,2,4,2,0,0,1,0,0,0,0,0,0,1,0,0,1,0,0,0,0,2,1
1568,1, ,2,1,3,6,4,2,1,2,1,2,1,2,2,22,-14,29,31,18,38,10,27,1,4,2,0,0,1,0,1,0,0,0,0,0,0,0,1,0,0,0,0,1,3
2666,1, ,5,3,5,5,3,1,1,1,1,1,2,2,2,50,50,50,50,45,50,-31,14,1,4,3,0,0,0,0,1,0,0,0,1,1,1,0,0,0,0,0,0,1,1
1825,1, ,3,1,5,5,4,2,2,2,2,1,2,2,2,35,-21,34,37,38,43,32,25,1,4,1,0,0,0,0,1,0,0,0,1,1,1,0,0,0,0,0,0,2,1
565,1, ,3,1,5,5,5,2,1,1,2,2,2,2,2,6,13,18,11,-9,17,12,22,1,2,1,0,0,1,0,0,0,0,0,1,1,0,0,0,0,0,0,0,2,3
1139,2, ,2,1,3,4,1,2,1,1,1,1,1,1,2,15,12,30,20,31,21,27,30,2,3,2,0,0,0,0,1,0,0,0,0,0,0,0,0,1,0,0,0,5,1
682,2, ,3,1,6,5,4,2,1,2,2,1,2,2,2,50,49,48,43,31,37,49,45,1,5,1,0,0,0,0,1,0,0,0,1,1,0,0,1,0,0,0,0,2,1
2324,1, ,5,1,3,5,3,2,2,2,1,1,1,1,2,14,-8,18,-3,48,45,-20,16,2,3,2,0,0,0,0,1,0,0,0,0,1,1,0,1,0,0,0,0,1,3
639,1, ,3,1,5,5,5,2,2,1,1,1,1,2,2,16,19,13,6,11,19,-11,-9,1,1,1,0,0,1,0,0,0,0,0,1,1,0,0,0,0,0,0,0,2,3
1215,2, ,2,1,3,6,1,1,1,1,1,1,1,1,2,-10,23,20,35,20,5,-25,-50,1,3,1,0,0,0,0,1,0,0,0,0,0,0,0,0,0,0,0,1,2,3
884,1, ,4,1,5,5,4,2,2,2,2,2,2,2,2,34,41,25,43,34,46,38,48,1,4,1,0,0,0,0,1,0,0,0,1,1,0,0,0,0,0,0,0,4,1
882,2, ,2,1,3,4,1,2,2,1,1,2,1,2,2,23,40,-49,50,25,24,-11,-21,2,2,3,0,0,0,0,1,0,0,0,1,0,1,0,0,0,0,0,0,2,2
1463,1, ,3,1,3,5,4,1,1,1,1,2,1,1,2,27,32,36,26,35,32,23,38,1,4,2,0,0,0,0,1,0,0,0,1,1,0,0,0,0,0,0,0,2,1
4228,2, ,3,1,5,5,3,2,1,1,1,1,1,1,2,-5,13,8,20,13,2,11,-11,3,3,3,0,0,0,0,1,0,0,0,1,1,1,0,1,0,0,0,0,5,3
3338,1, ,5,3,3,5,6,2,2,1,2,2,1,1,2,-50,26,-50,50,47,50,-1,3,2,4,2,0,0,0,0,1,0,0,0,1,0,0,0,0,0,0,0,0,5,2
1633,1, ,5,1,2,5,2,2,1,1,1,1,1,1,2,-47,50,3,50,50,50,-50,-8,2,4,3,0,0,0,0,1,0,0,0,1,1,0,0,0,0,0,0,0,2,2
607,1, ,3,1,6,5,4,2,1,2,1,2,1,1,2,44,48,45,41,45,48,46,46,1,4,1,1,0,0,0,0,0,0,1,0,0,0,0,0,0,0,0,0,3,1
1232,2, ,3,1,3,4,3,2,1,1,1,1,1,1,2,-31,22,-34,38,23,39,-41,-47,2,4,1,0,0,0,0,1,0,0,0,1,0,1,0,0,0,0,0,0,2,2
2513,2, ,2,1,3,6,1,2,2,2,1,1,1,2,2,-27,-10,21,50,17,25,-37,-13,3,4,3,0,0,0,0,1,0,0,0,0,0,0,0,1,0,0,0,0,4,3
1054,1, ,3,1,5,5,4,1,1,1,1,1,1,1,2,21,8,19,24,18,26,29,27,2,4,2,0,0,0,0,1,0,0,0,1,1,0,0,0,0,0,0,0,6,3
1174,2, ,6,1,2,5,2,2,1,1,1,1,1,1,2,14,14,-31,16,20,20,-24,12,1,3,1,0,0,0,0,1,0,0,0,1,1,0,0,0,0,0,0,0,3,3
7296,1, ,3,3,6,5,7,2,1,2,2,1,2,1,2,43,33,40,40,39,33,32,29,1,4,1,0,0,0,0,1,0,0,0,1,1,1,0,0,0,0,0,0,1,1
721,2, ,2,1,3,6,1,1,1,1,1,1,1,1,2,0,43,16,47,45,45,38,-11,2,3,2,0,1,0,0,0,0,0,0,0,0,0,0,1,0,0,0,0,1,2
1473,2, ,4,3,5,5,3,2,2,1,1,1,1,2,2,15,26,24,24,24,36,26,13,2,3,2,0,0,0,0,1,0,0,0,1,1,1,0,0,0,0,0,0,2,1
2147,1, ,5,1,2,5,3,2,2,2,2,2,1,2,2,40,15,10,30,25,25,30,10,2,3,3,0,0,0,0,1,0,0,0,1,0,0,0,0,0,0,0,0,2,3
2077,1, ,4,2,5,5,4,2,2,2,1,1,2,2,2,41,8,45,48,44,48,42,34,2,4,1,0,0,1,0,0,0,0,0,1,1,0,0,0,0,0,0,0,2,1
2058,2, ,3,3,5,5,5,2,2,2,2,2,2,2,2,33,37,27,43,48,41,45,39,1,5,3,0,0,0,0,1,0,0,1,0,0,0,0,0,0,0,0,0,1,1
629,1, ,3,1,5,5,4,1,2,2,1,2,1,2,2,42,46,39,43,44,35,46,47,1,5,1,0,0,0,0,1,0,0,0,1,1,0,0,0,0,0,0,0,1,1
1078,1, ,3,2,4,4,2,1,2,1,1,2,2,1,2,25,-44,16,26,20,26,34,23,2,3,3,1,0,1,0,0,0,0,0,1,1,0,0,0,0,0,0,0,2,3
1295,2, ,3,1,6,5,2,2,2,2,2,1,2,2,2,50,11,3,45,38,33,46,15,2,3,3,0,1,0,0,0,0,0,0,1,0,0,0,0,0,0,0,0,3,1
539,1, ,3,3,6,5,3,1,1,1,1,1,1,1,2,6,9,9,45,9,8,-24,-9,2,4,3,0,0,0,0,1,0,0,1,0,0,0,0,0,0,0,0,0,4,3
1457,2, ,4,1,5,5,4,2,2,2,1,1,2,2,2,22,18,19,18,23,20,22,25,1,4,1,0,0,0,0,1,0,0,0,1,1,1,0,0,0,0,0,0,1,3
964,2, ,2,1,3,4,1,2,2,2,1,2,1,1,2,-44,33,17,31,35,32,27,22,2,2,1,0,0,0,0,1,0,0,0,0,0,0,0,0,1,0,0,0,6,2
1303,1, ,2,1,2,6,1,2,1,1,1,1,1,1,2,1,21,25,33,12,50,0,0,2,2,3,0,0,0,0,1,0,0,0,0,0,0,0,1,0,0,0,0,2,2
27766,3,Genderfluid,2,1,3,4,1,2,2,1,1,1,1,2,2,-18,34,-13,49,19,9,-6,3,2,4,3,0,0,0,0,1,0,0,0,0,0,0,0,1,0,0,0,0,4,3
738,2, ,3,3,5,5,3,2,1,1,1,1,1,1,2,41,-50,48,-28,50,50,49,48,2,4,3,0,0,0,0,1,0,0,0,0,0,1,0,0,0,0,0,0,1,3
1024,2, ,5,2,3,5,2,2,2,2,2,2,1,1,2,5,6,18,5,5,6,5,5,3,3,2,0,0,0,0,1,0,0,0,0,1,0,0,0,0,0,0,0,2,3
1138,1, ,2,1,3,6, ,1,2,1,1,2,2,2,2,35,20,30,30,30,30,20,30,2,4,2,0,0,0,0,1,0,0,0,0,0,0,0,1,0,0,0,0,2,1
744,2, ,2,1,2,6,1,1,2,1,1,1,1,2,2,12,40,25,-10,13,25,-22,26,2,3,2,0,1,0,0,0,0,0,1,0,0,0,0,0,0,0,0,0,4,3
1703,2, ,2,2,3,4,2,2,2,2,1,1,1,1,2,50,27,19,38,32,28,-12,35,2,3,2,0,0,0,0,1,0,0,0,1,1,1,0,0,0,0,0,0,2,1
974,2, ,2,1,3,6,1,2,1,1,1,1,1,1,2,18,15,16,31,34,50,-4,20,1,1,2,0,0,0,0,1,0,0,0,0,0,0,0,0,1,0,0,0,2,1
936,1, ,2,1,3,5,3,1,2,1,1,2,2,2,2,-7,31,30,11,-37,6,10,-21,2,1,2,0,0,0,0,1,0,0,0,1,1,1,0,0,0,0,0,0,3,3
1368,1, ,4,1,3,5,3,2,2,2,1,2,2,1,2,32,30,43,27,44,47,43,43,1,4,1,0,0,0,0,1,0,0,0,1,1,1,0,0,0,0,0,0,1,1
638,1, ,6,1,6,5,6,2,2,2,1,1,1,1,2,1,1,-3,0,2,1,-1,-1,2,4,3,0,0,0,0,1,0,0,1,0,0,0,0,0,0,0,0,0,5,3
1057,2, ,5,3,5,5,4,2,2,1,1,2,1,1,2,-50,50,-50,50,50,50,-50,-50,2,3,1,0,0,0,0,1,0,0,1,0,0,0,0,0,0,0,0,0,1,2
1136,2, ,6,3,5,5,3,2,2,2,2,1,2,1,2,-8,44,-50,20,44,43,-48,-50,2,3,2,0,0,0,0,1,0,0,0,1,0,0,0,0,0,0,0,0,9,2
1111,2, ,2,1,3,6,1,1,2,1,1,1,1,1,2,0,18,11,18,21,25,-20,18,1,3,1,0,1,0,0,0,0,0,0,0,0,0,0,1,0,0,0,0,2,3
826,2, ,3,3,6,5,3,2,1,1,1,1,2,2,2,-19,-10,-22,13,38,22,18,23,1,4,2,0,0,0,0,1,0,0,0,1,1,0,0,0,0,0,0,0,4,3
1163,1, ,4,3,5,5,3,1,1,1,1,2,1,2,2,30,23,27,27,22,22,30,24,1,4,1,0,0,0,0,1,0,0,0,1,1,0,0,0,0,0,0,0,8,1
2669,1, ,3,3,3,5,4,2,1,2,1,1,2,1,2,17,11,30,9,33,19,16,3,1,3,1,0,0,0,0,1,0,0,0,1,1,1,0,0,0,0,0,0,2,3
3416,2, ,3,3,5,5,3,1,1,1,1,1,1,1,2,35,33,1,34,35,34,1,24,1,3,2,0,0,0,0,1,0,0,0,1,0,0,0,0,0,0,0,0,5,1
1012,1, ,3,1,3,5,5,2,2,2,1,1,1,1,2,45,43,22,47,48,45,44,43,1,4,2,0,0,1,0,0,0,0,0,1,1,0,0,0,0,0,0,0,1,1
694,2, ,2,1,3,6,1,2,2,1,1,1,1,1,2,21,25,20,23,23,29,21,21,1,3,2,0,0,0,0,1,0,0,0,0,0,0,0,0,1,0,0,0,3,1
835,1, ,2,1,3,6,1,2,1,1,1,2,1,1,2,10,47,30,50,12,31,-25,-19,2,3,3,0,0,0,0,1,0,0,0,0,0,0,0,1,0,0,0,0,3,2
905,2, ,3,1,7,5,3,2,1,2,1,1,2,2,2,1,1,1,1,0,1,1,1,1,4,1,0,0,1,0,0,0,0,1,0,0,0,0,0,0,0,0,0,5,3
4286,2, ,5,3,3,5,4,2,2,1,1,1,1,1,2,0,-40,0,0,0,0,0,0,3,4,3,0,0,0,0,0,1,0,0,1,1,1,0,0,0,0,0,0,5,3
1403,2, ,2,1,3,6,1,2,2,1,1,1,1,1,2,1,28,26,27,25,50,-10,-9,3,3,3,0,0,0,0,1,0,0,0,0,0,0,0,0,0,0,0,1,4,2
1084,1, ,3,1,5,5,5,2,1,2,2,1,2,2,2,32,39,43,26,41,25,33,17,1,5,1,0,0,0,0,1,0,0,0,1,1,0,0,0,0,0,0,0,4,1
777,1, ,4,3,5,5,4,1,2,2,1,1,1,2,2,40,41,49,47,40,41,39,48,1,1,1,0,0,0,0,1,0,0,0,1,1,0,0,0,0,0,0,0,1,1
1886,1, ,3,3,5,5,5,2,1,2,1,2,1,2,2,19,23,20,15,21,11,24,22,1,4,1,0,0,0,0,1,0,0,0,1,1,0,0,1,0,0,0,0,1,3
822,2, ,2,1,2,6,1,1,2,2,2,2,1,2,2,12,29,0,38,36,33,-20,25,1,3,1,0,1,0,0,1,0,0,0,0,0,0,0,0,1,0,0,0,5,2
4047,2, ,3,2,5,5,4,2,1,2,1,2,1,1,2,22,32,29,43,38,35,28,39,2,4,2,0,0,0,0,1,0,0,0,1,1,1,0,0,0,0,0,0,4,1
2683,1, ,4,1,5,5,5,2,1,1,1,1,2,2,2,49,-15,43,47,39,27,38,41,2,4,3,0,0,0,0,1,0,0,0,0,1,1,0,0,0,0,0,0,4,1
485,1, ,2,2,3,4,1,2,1,1,1,1,2,2,2,-13,17,-10,2,17,1,-22,20,2,2,2,1,0,0,0,0,0,0,1,0,0,0,0,0,0,0,0,0,2,3
1063,1, ,4,3,6,5,7,2,1,2,1,2,2,2,2,11,10,6,13,9,11,12,10,2,5,1,1,0,1,0,0,0,0,0,1,1,0,0,0,0,0,0,0,1,3
749,1, ,4,3,3,5,3,2,2,1,1,1,1,1,2,11,49,49,50,49,49,-36,10,1,4,3,0,0,0,0,1,0,0,0,0,0,0,0,1,0,0,0,0,2,1
1890,1, ,4,1,5,5,4,2,2,2,2,2,2,2,2,36,41,41,48,33,43,24,46,1,4,1,0,0,0,0,1,0,0,0,1,1,0,0,0,0,0,0,0,4,1
1879,1, ,4,3,3,5,3,1,1,1,1,1,1,2,2,-20,49,22,48,46,50,24,24,3,4,3,0,0,0,0,1,0,0,0,1,1,1,0,0,0,0,0,0,2,2
1639,1, ,4,1,6,5,5,2,2,2,2,2,2,2,2,43,41,42,44,42,44,43,43,1,2,1,0,0,0,0,1,0,0,1,0,0,0,0,0,0,0,0,0,1,1
983,2, ,5,1,3,6,1,2,2,1,1,1,1,2,2,3,27,9,2,17,20,10,9,2,3,2,0,0,0,0,1,0,0,0,1,0,1,0,1,0,0,0,0,4,3
560,2, ,4,1,3,5,2,1,1,1,1,1,1,1,2,-27,-27,-24,18,-14,-7,-41,-9,3,2,3,0,0,0,0,1,0,0,0,1,1,0,0,0,0,0,0,0,4,3
1370,1, ,3,1,3,6,3,1,1,1,1,1,1,1,2,46,13,37,34,46,47,13,35,1,4,2,0,0,0,0,1,0,0,1,0,0,0,0,0,0,0,0,0,2,1
586,2, ,4,1,5,5,5,2,2,2,2,2,2,2,2,20,27,21,26,15,26,19,11,1,3,1,0,0,1,0,0,0,0,0,1,1,0,0,0,0,0,0,0,1,3
880,2, ,3,3,5,5,5,2,1,1,1,1,1,1,2,43,5,33,44,33,30,39,47,2,4,2,0,0,0,0,1,0,0,0,1,0,0,0,0,1,0,0,0,1,1
4422,1, ,3,3,3,5,3,1,2,1,1,1,1,1,2,-5,28,-50,50,50,12,-11,-7,2,2,3,0,0,0,0,1,0,0,1,0,0,0,0,0,0,0,0,0,4,2
3097,2, ,4,2,3,5,2,1,2,2,1,1,2,1,2,50,29,21,25,10,30,19,26,1,4,2,0,0,0,1,1,0,0,0,0,1,1,0,0,0,0,0,0,2,1
7865,2, ,2,2,5,4,1,2,2,1,1,1,1,1,2,21,20,13,21,13,30,13,12,1,3,2,1,0,0,0,0,0,0,0,0,0,0,0,0,1,0,0,0,3,3
1866,2, ,2,1,3,6,1,2,2,1,1,2,1,1,2,9,33,10,38,47,42,-25,-14,2,4,2,0,0,0,0,1,0,0,0,0,0,0,0,0,1,0,0,0,2,2
1896,2, ,3,3,5,5,3,2,2,1,1,2,2,1,2,-8,24,-18,10,15,3,20,-4,2,3,3,0,0,1,0,0,1,0,0,0,0,0,0,1,0,0,0,0,2,3
1736,2, ,3,2,3,4,4,2,1,1,1,1,1,1,2,21,-10,39,9,-11,-5,31,33,2,3,2,0,0,0,0,1,0,0,0,1,0,0,0,0,0,0,0,0,1,3
1438,2, ,3,1,5,5,3,2,2,1,1,2,1,2,2,-50,45,-40,50,50,45,15,35,2,4,3,0,0,0,0,1,0,0,1,0,0,0,0,0,0,0,0,0,2,2
875,1, ,3,1,6,6,1,2,2,1,2,1,2,2,2,27,50,49,50,48,50,45,48,1,2,2,0,1,0,0,0,0,0,0,0,0,0,0,0,1,0,0,0,1,1
711,1, ,5,3,5,5,5,1,2,1,1,1,1,1,2,-30,12,-28,-27,10,8,-8,6,1,5,3,0,0,0,0,1,0,0,0,1,1,1,0,0,0,0,0,0,3,3
1918,1, ,6,3,7,5,5,2,2,1,1,2,2,2,2,37,32,-23,36,50,50,23,42,2,4,3,0,0,0,0,1,0,0,0,1,0,0,0,0,0,0,0,0,6,2
550,1, ,5,1,4,5,6,2,2,2,2,2,2,2,2,23,13,22,25,31,24,30,12,1,2,1,0,0,1,0,0,0,0,0,1,1,0,0,0,0,0,0,0,2,3
1294,2, ,5,1,3,5,1,2,2,1,1,2,1,1,2,13,25,24,50,50,50,1,1,1,2,2,0,0,0,0,1,0,0,0,1,1,0,0,0,0,0,0,0,4,2
600,2, ,3,1,5,5,5,2,2,2,2,2,2,2,2,17,21,21,8,21,12,19,23,1,1,1,0,0,1,0,0,0,0,0,1,1,0,0,0,0,0,0,0,2,3
717,1, ,4,3,5,5,3,1,1,1,1,1,1,1,2,7,4,3,6,9,5,8,5,2,4,2,0,0,0,0,1,0,0,0,1,1,0,0,0,0,0,0,0,3,3
557,2, ,3,1,6,5,6,2,2,2,2,2,2,2,2,-13,3,6,7,19,15,8,23,1,2,1,0,0,1,0,0,0,0,0,1,1,0,0,0,0,0,0,0,2,3
634,2, ,3,1,5,5,5,2,2,2,2,2,2,2,2,9,-10,19,14,-13,5,13,15,1,3,1,0,0,1,0,0,0,0,0,1,1,0,0,0,0,0,0,0,2,3
594,2, ,3,1,4,5,6,2,2,2,2,2,2,2,2,9,21,13,11,17,9,10,10,1,2,1,0,0,1,0,0,0,0,0,1,1,0,0,0,0,0,0,0,2,3
1491,2, ,3,3,3,5,4,2,1,1,1,1,1,1,2,26,50,15,50,48,50,34,15,3,4,2,0,0,0,0,1,0,0,0,1,1,0,0,0,0,0,0,0,2,2
343,2, ,3,1,7,5,4,2,1,1,1,1,1,1,2,34,34,35,34,17,35,29,30,1,3,2,0,0,0,0,1,1,0,1,0,0,0,0,0,0,0,0,0,5,1
528,2, ,3,1,5,5,5,2,2,2,2,2,2,2,2,11,15,20,13,20,10,4,8,1,2,1,0,0,1,0,0,0,0,0,1,1,0,0,0,0,0,0,0,2,3
1269,2, ,3,1,6,5,5,2,1,2,1,1,1,1,2,36,26,30,26,34,39,29,29,2,5,2,0,1,0,0,0,0,0,0,1,1,0,0,0,0,0,0,0,3,1
486,2, ,3,1,5,5,6,2,2,2,2,2,2,2,2,15,6,-11,10,11,16,15,11,1,2,1,0,0,1,0,0,0,0,0,1,1,0,0,0,0,0,0,0,2,3
1079,2, ,6,2,5,4,2,2,2,2,1,1,1,1,2,1,23,-40,29,49,33,16,49,2,4,3,0,0,1,0,1,0,0,0,1,0,0,0,0,0,0,0,0,2,2
503,2, ,3,1,5,5,6,2,2,2,2,2,2,2,2,-6,18,9,11,17,9,13,-9,1,3,1,0,0,1,0,0,0,0,0,1,1,0,0,0,0,0,0,0,2,3
528,2, ,3,1,5,5,5,2,2,2,2,2,2,2,2,15,15,-19,14,21,16,-7,17,1,3,1,0,0,1,0,0,0,0,0,1,1,0,0,0,0,0,0,0,2,3
1213,2, ,5,1,4,5,2,2,2,1,1,2,1,2,2,1,35,-34,33,38,39,-11,-33,2,1,3,0,0,0,0,1,0,0,0,0,1,0,0,1,0,0,0,0,2,2
1019,1, ,6,3,5,5,5,2,1,1,1,1,1,2,2,-29,16,-47,11,21,21,-18,-25,2,5,2,0,0,0,0,1,0,0,0,1,0,0,0,0,0,0,0,0,6,3
596,2, ,3,1,5,5,5,2,2,2,2,2,2,2,2,17,-6,8,13,10,8,12,10,1,3,1,0,0,1,0,0,0,0,0,1,1,0,0,0,0,0,0,0,2,3
1028,2, ,3,3,5,5,5,2,2,1,1,1,1,2,2,-28,50,-35,27,50,50,11,31,2,4,2,0,0,0,0,1,0,0,0,1,0,1,0,0,0,0,0,0,4,2
51234,2, ,2,1,3,6,1,1,1,1,1,2,1,1,2,29,0,11,46,25,48,11,1,1,3,1,1,0,0,0,0,0,0,0,0,0,0,0,1,0,0,0,0,4,2
1355,2, ,5,3,3,5,4,2,2,2,1,1,1,1,2,1,21,1,-42,-34,-34,-49,-8,3,4,3,0,0,0,0,1,0,0,0,1,0,0,0,0,0,0,0,0,1,3
769,1, ,3,2,6,4,4,2,1,1,1,1,2,1,2,30,31,26,33,28,31,30,34,1,4,1,0,0,0,1,0,0,0,0,1,1,1,0,0,0,0,0,0,1,1
2023,1, ,4,2,5,5,5,2,2,1,1,1,1,1,2,41,-35,4,8,26,50,0,49,2,3,3,0,0,0,0,1,0,0,0,0,1,0,0,0,0,0,0,0,1,3
573,1, ,3,3,6,5,5,2,2,2,2,2,2,2,2,27,38,19,32,21,29,27,23,1,4,1,0,0,0,0,1,0,0,0,1,1,0,0,0,0,0,0,0,1,1
691,2, ,3,1,7,5,5,1,2,2,2,1,2,1,2,45,48,50,44,42,43,48,46,1,3,1,0,0,1,0,0,0,0,0,1,1,0,0,0,0,0,0,0,1,1
1412,1, ,3,3,6,5,6,2,1,2,2,2,2,1,2,38,50,49,49,42,48,44,38,1,5,2,0,0,0,0,1,0,0,0,1,1,0,0,0,0,0,0,0,1,1
1343,1, ,5,1,3,5,2,2,2,1,1,2,1,2,2,10,47,-35,49,40,42,-9,-23,3,2,3,0,0,0,0,1,0,0,0,1,0,0,0,0,0,0,0,0,3,2
883,1, ,3,1,3,6,1,2,1,2,1,1,1,1,2,16,16,5,29,12,15,-6,22,2,4,1,0,0,0,0,1,0,0,0,0,0,0,0,1,0,0,0,0,2,3
1972,2, ,4,3,6,5,5,1,1,1,1,1,2,2,2,50,-29,27,21,26,33,27,27,2,5,2,0,0,0,0,1,0,0,0,1,1,1,0,0,0,0,0,0,3,3
971,1, ,2,1,2,6,1,2,1,1,1,1,2,1,2,0,-35,-20,20,-5,0,30,-20,2,4,3,0,0,0,0,1,0,0,0,0,0,0,0,1,0,0,0,0,2,3
721,2, ,2,1,3,6,1,2,2,1,1,2,1,1,2,5,38,-6,29,34,33,-8,-10,2,4,2,0,0,0,0,1,0,0,0,0,0,0,0,0,1,0,0,0,5,2
915,2, ,2,1,2,6,1,1,2,1,2,2,1,1,2,0,39,25,30,28,50,-8,3,2,2,2,0,0,0,0,1,0,0,1,0,0,0,0,0,0,0,0,0,1,2
751,2, ,2,1,6,4,1,2,2,2,2,2,1,2,2,50,16,-32,50,50,50,-27,27,1,3,1,0,0,0,0,1,0,0,1,0,0,0,0,0,0,0,0,0,2,2
561,1, ,3,3,5,5,4,2,1,2,1,1,2,2,2,20,26,16,21,6,7,10,28,1,4,3,0,0,0,0,1,0,0,0,1,0,0,0,0,0,0,0,0,1,3
380,2, ,2,1,3,4,3,1,1,1,1,1,1,1,2,4,13,-2,8,14,8,3,10,2,4,2,0,0,0,0,1,0,0,1,0,0,0,0,0,0,0,0,0,2,3
828,2, ,2,3,5,5,3,2,1,2,1,1,1,2,2,19,-24,25,16,8,9,29,10,2,3,2,0,0,0,0,1,0,0,0,1,0,0,0,0,0,0,0,0,4,3
1202,2, ,2,1,3,4,1,1,1,1,1,1,1,1,2,33,8,21,50,22,17,-15,-7,1,3,2,0,0,0,0,1,0,0,0,0,0,0,0,0,1,0,0,0,6,3
532,2, ,2,2,2,4,4,2,2,1,1,2,1,1,2,12,31,14,11,15,17,18,15,3,4,3,0,0,0,0,1,0,0,0,1,0,0,0,0,0,0,0,0,2,3
1242,2, ,3,2,5,4,2,2,1,2,1,2,1,2,2,26,36,6,50,50,50,27,19,2,4,3,0,0,0,0,1,0,0,0,1,1,1,0,0,0,0,0,0,4,2
1407,2, ,2,1,5,6,1,2,2,1,1,2,1,2,2,35,30,0,30,35,35,-35,0,2,3,3,0,1,0,0,0,0,0,0,0,0,0,0,0,1,0,0,0,2,2
1388,2, ,2,1,3,4,1,1,2,1,1,2,1,1,2,-7,50,-50,50,50,50,22,1,2,1,3,0,0,0,0,1,0,0,0,1,0,0,0,0,0,0,0,0,4,2
1058,2, ,3,2,6,4,1,2,2,1,2,2,1,2,2,-23,39,-5,34,44,39,-39,-29,1,3,2,0,0,0,0,1,0,0,1,0,0,0,0,0,0,0,0,0,1,2
678,2, ,2,1,3,4,1,1,1,1,2,1,1,1,2,-37,6,24,9,13,28,23,27,1,4,2,0,0,1,0,0,0,0,0,0,0,0,0,0,0,0,1,0,1,3
1131,2, ,2,1,3,6,2,2,2,2,2,2,1,2,2,-11,15,35,50,34,50,9,5,1,3,2,0,0,1,0,1,0,0,0,0,0,0,0,1,0,0,0,0,3,2
1071,2, ,2,1,3,6,1,1,1,1,1,1,1,1,2,50,20,-20,50,50,50,20,-34,2,1,3,0,0,0,0,1,0,0,0,0,0,0,0,1,0,0,0,0,3,2
758,2, ,2,1,5,6,1,2,1,1,1,2,1,1,2,23,11,30,35,38,36,-5,12,2,2,2,0,1,0,0,0,0,0,0,0,0,0,0,1,0,0,0,0,4,1
1377,2, ,2,1,3,6,2,2,1,1,1,1,1,1,2,46,16,35,50,29,26,17,24,3,4,3,0,0,1,0,1,0,0,1,0,0,0,0,0,0,0,0,0,1,1
1153,2, ,2,1,3,4,1,2,2,1,1,1,1,1,2,-13,5,-12,9,35,32,-36,-11,3,4,3,0,0,0,0,1,0,0,0,0,0,1,0,1,0,0,0,0,2,3
1686,2, ,2,1,5,4,2,2,1,2,1,1,1,1,2,5,10,-41,30,30,27,-10,-5,1,4,2,0,0,0,0,1,0,0,0,0,0,0,0,0,0,0,1,0,4,2
963,2, ,2,1,3,4,1,2,1,1,1,1,1,2,2,1,1,1,1,1,1,1,-1,2,3,3,0,0,0,0,1,0,0,0,0,0,1,0,1,0,0,0,0,4,3
1052,2, ,2,1,3,6,1,2,2,1,1,2,1,2,2,8,28,-20,35,21,22,-30,-33,2,4,3,0,0,0,0,1,0,0,0,0,0,0,0,1,0,0,0,0,3,2
951,2, ,3,1,3,4,1,2,1,2,1,1,1,1,2,-50,26,1,28,29,27,-50,-50,2,2,3,0,0,0,0,1,0,0,0,0,0,1,0,1,0,0,0,0,7,2
927,2, ,2,1,5,4,1,1,1,1,1,1,1,1,2,50,20,50,50,50,50,19,19,2,4,3,0,0,0,0,1,0,0,0,0,0,0,0,1,0,0,0,0,2,1
1946,2, ,2,1,2,6,1,1,1,1,1,1,1,1,2,29,18,0,43,34,41,-7,1,1,2,2,0,0,0,0,1,0,0,0,0,0,0,0,0,1,0,0,0,2,2
848,2, ,2,1,5,6,1,2,1,2,1,1,1,1,2,14,29,8,19,15,14,-14,-17,2,4,2,0,0,0,0,1,0,0,0,1,0,0,0,0,0,0,0,0,3,3
1836,1, ,2,1,5,4,1,2,2,2,2,2,1,1,2,50,33,10,30,30,30,-50,-15,1,3,1,0,0,0,0,1,0,0,0,0,0,0,0,0,0,0,1,0,5,2
1251,2, ,2,1,3,4,1,2,2,1,1,1,1,2,2,23,31,24,34,26,38,20,20,3,3,3,0,0,0,0,1,0,0,0,0,0,0,0,1,0,0,0,0,1,1
3124,2, ,2,1,3,6,1,2,1,2,1,1,1,2,2,45,40,13,36,47,46,-22,43,2,2,2,0,0,1,0,1,0,0,0,0,0,0,0,0,1,0,0,0,5,1
829,1, ,2,2,3,4,2,2,2,1,2,2,2,2,2,5,10,6,10,9,10,-3,7,2,3,2,0,0,1,0,0,0,0,0,0,0,0,0,1,0,0,0,0,1,3
1053,2, ,2,1,3,6,1,2,2,1,1,1,1,1,2,-24,20,0,15,28,50,-11,-20,1,3,1,0,0,0,0,1,0,0,1,0,0,0,0,0,0,0,0,0,2,2
1385,2, ,2,1,3,4,1,2,2,2,2,2,1,2,2,38,34,1,30,37,38,23,37,2,3,2,0,0,0,0,1,0,0,0,0,0,0,0,0,1,0,0,0,3,1
438,2, ,2,1,2,6,1,2,2,1,1,1,1,1,2,16,-11,-18,17,16,16,20,23,2,3,3,0,0,0,0,1,0,0,0,0,0,0,0,1,0,0,0,0,4,3
909,2, ,2,1,2,6,1,1,1,1,1,1,1,1,2,0,0,7,4,1,4,0,0,1,2,2,0,0,0,0,1,0,0,0,0,0,0,0,0,1,0,0,0,3,3
1302,2, ,3,1,7,5,3,2,1,2,1,1,1,2,2,28,-4,19,27,19,19,25,26,2,2,2,0,1,0,0,0,0,0,0,1,0,0,0,0,0,0,0,0,2,3
3939,2, ,2,1,3,6,1,2,2,1,1,1,1,2,2,1,9,-36,48,26,24,0,12,3,4,3,0,0,0,0,1,0,0,0,0,0,0,0,1,0,0,0,0,4,2
835,2, ,2,1,3,4,1,1,1,1,1,1,1,1,2,14,15,23,22,16,27,-16,15,3,3,3,0,0,0,0,1,0,0,0,0,0,1,0,1,0,0,0,0,1,3
598,2, ,2,1,3,6,1,2,2,1,2,1,1,2,2,-5,19,14,28,24,16,-4,-33,2,2,2,0,0,0,0,1,0,0,0,0,0,0,0,0,1,0,0,0,3,3
1070,2, ,4,1,5,5,6,2,2,2,1,2,1,1,2,49,19,46,39,47,49,33,32,2,4,3,0,0,0,0,1,0,0,0,1,1,1,0,0,0,0,0,0,2,1
4154,2, ,3,1,5,6,2,2,2,2,1,2,2,2,2,5,7,-7,9,23,19,-8,-23,1,3,2,0,1,0,0,1,0,0,0,0,0,0,0,0,1,0,0,0,2,3
1820,2, ,2,2,3,4,1,1,2,2,1,1,1,1,2,37,10,12,50,19,42,38,36,3,4,3,0,0,0,0,1,0,0,0,0,0,0,0,1,0,0,0,0,4,1
972,2, ,2,1,2,4,1,1,1,1,1,1,1,1,2,-22,38,18,41,10,37,32,-27,3,2,3,0,0,0,0,1,0,0,1,0,0,0,0,0,0,0,0,0,4,2
871,1, ,2,1,6,4,5,2,1,2,2,2,2,2,2,49,50,-48,0,40,2,-50,-49,1,3,3,0,1,0,0,0,0,0,0,0,0,0,0,0,1,0,0,0,2,3
2835,2, ,3,1,4,5,2,2,2,1,1,1,1,1,2,-30,36,28,45,50,49,12,12,2,2,2,0,0,0,0,1,0,0,0,1,1,1,0,0,0,0,0,0,1,2
1934,2, ,2,1,3,6,1,2,2,2,1,2,1,2,2,9,30,44,44,39,31,-40,20,2,4,3,0,0,0,0,1,0,0,0,0,0,1,0,1,0,0,0,0,2,1
913,2, ,3,3,5,5,3,1,1,1,1,1,1,1,2,21,-12,-11,-23,-12,-8,22,8,1,3,2,0,0,0,0,1,0,0,0,1,0,0,0,0,0,0,0,0,3,3
1188,2, ,2,1,3,4,1,1,1,2,1,1,1,1,2,29,-8,-22,19,31,26,29,22,2,3,2,0,0,0,0,1,0,0,0,0,0,1,0,1,0,0,0,0,2,3
426,1, ,2,1,2,4,1,1,1,1,1,1,1,1,2,32,-22,17,23,21,18,32,21,1,4,2,0,0,0,0,1,0,0,0,0,0,0,0,1,0,0,0,0,5,3
1142,2, ,3,3,6,5,4,2,2,2,2,2,2,1,2,7,39,-36,29,43,43,-38,17,3,4,3,0,0,0,0,1,0,0,0,1,1,1,0,1,0,0,0,0,2,2
588,2, ,3,2,3,4,4,2,1,2,2,2,2,2,2,18,16,10,10,24,6,12,25,3,3,3,0,0,0,0,1,0,0,0,0,0,0,0,0,0,0,1,0,1,3
664,2, ,2,1,3,4,1,2,1,1,1,2,1,2,2,-8,1,1,18,35,45,-10,-1,2,4,3,0,0,0,0,1,1,0,0,0,0,0,0,1,0,0,0,0,1,2
567,2, ,6,1,6,5,4,2,1,1,1,1,1,2,2,4,21,-12,12,26,32,-12,-12,1,3,1,0,0,0,0,1,0,0,0,0,0,1,0,0,0,0,0,0,2,3
461,2, ,2,1,3,4,2,2,2,1,1,2,1,2,2,3,24,20,6,-6,-16,-10,8,2,2,2,0,0,1,0,0,0,0,0,0,0,0,0,1,0,0,0,0,4,3
3045,2, ,2,2,3,4,1,2,2,1,1,1,1,1,2,-12,30,22,28,36,31,-12,21,1,3,3,0,0,0,0,1,0,0,0,0,0,0,0,1,0,0,0,0,2,2
1620,2, ,2,1,3,5,1,2,2,1,1,1,1,1,2,-15,15,25,50,50,50,0,25,2,2,2,0,0,0,0,1,0,0,1,0,0,0,0,0,0,0,0,0,2,2
3510,2, ,4,1,6,5,3,1,2,2,1,1,2,1,2,-22,3,-9,19,-9,9,19,-16,1,4,3,0,0,0,0,1,0,0,0,1,0,0,0,0,0,0,0,0,3,3
1235,2, ,2,1,3,6,1,1,1,1,1,1,1,1,2,-18,10,7,30,27,33,7,-8,2,4,2,0,0,0,0,1,0,0,1,0,0,0,0,0,0,0,0,0,3,2
1104,2, ,2,1,3,5,1,2,2,1,1,2,1,2,2,21,27,17,19,26,15,16,18,1,2,2,0,0,0,0,1,0,0,1,0,0,0,0,0,0,0,0,0,3,3
516,2, ,2,1,3,4,1,2,1,2,1,2,1,1,2,1,10,23,-2,-12,17,5,12,1,2,2,0,0,0,0,1,0,0,0,0,0,1,0,0,1,0,0,0,5,3
2032,2, ,2,1,3,4,1,1,1,1,1,1,1,1,2,18,32,-29,33,20,25,-27,-26,3,1,3,0,0,0,0,1,0,0,0,0,0,0,0,1,0,0,0,0,3,2
536,2, ,2,1,3,4,3,2,1,1,1,1,1,1,2,9,11,1,6,6,2,3,6,2,3,3,0,0,1,0,0,0,0,0,0,0,0,0,0,1,0,0,0,3,3
611,2, ,2,1,2,4,1,2,1,1,1,1,1,1,2,27,-37,-12,23,29,46,29,23,2,4,2,0,0,0,0,1,0,0,0,0,0,0,0,0,1,0,0,0,3,3
782,2, ,2,1,2,4,1,1,2,1,1,1,1,1,2,-26,38,41,44,27,41,-17,17,2,2,1,0,0,0,0,1,0,0,0,0,0,1,0,1,0,0,0,0,2,2
1367,2, ,2,1,3,4,1,1,2,1,1,1,1,1,2,-24,30,37,50,50,50,-25,14,1,2,2,0,1,0,0,0,0,0,0,0,0,0,0,0,1,0,0,0,2,2
2771,2, ,5,3,5,5,4,2,2,1,1,1,1,1,2,3,37,-17,21,49,49,-29,-26,2,3,2,0,0,1,0,0,0,0,0,0,0,0,0,1,0,0,0,0,2,2
836,2, ,4,1,5,5,2,1,1,2,1,1,1,1,2,35,50,-49,49,47,49,-48,-49,2,2,2,0,0,1,0,0,0,0,0,1,1,1,0,0,0,0,0,0,1,2
1205,2, ,2,1,3,4,1,2,1,1,1,1,1,2,2,36,-11,14,20,13,30,8,19,2,3,2,0,0,0,0,1,0,0,0,0,0,0,0,0,0,0,1,0,4,3
905,2, ,2,1,3,6,1,2,2,1,2,2,1,1,2,21,2,-1,6,25,23,2,6,1,1,2,0,0,0,0,1,0,0,0,1,0,0,0,0,0,0,0,0,2,3
680,2, ,2,1,3,4,1,2,2,1,1,2,1,1,2,-13,8,19,28,45,17,7,14,3,3,3,0,0,0,0,1,0,0,0,0,0,0,0,0,1,0,0,0,4,3
953,1, ,5,3,5,5,4,2,2,1,1,1,1,1,2,-50,21,-40,25,45,45,-49,-40,2,4,3,0,0,0,0,1,0,0,0,1,0,0,0,0,0,0,0,0,5,2
710,2, ,2,1,3,6,1,2,1,1,2,1,1,2,2,-5,15,28,15,-9,-20,21,14,2,2,1,0,0,0,0,1,0,0,0,0,0,0,0,1,0,0,0,0,4,3
842,2, ,3,1,6,6,3,2,1,1,1,1,1,2,2,20,50,0,50,40,40,-40,-50,2,3,2,0,0,0,0,1,0,0,0,1,0,1,0,0,0,0,0,0,4,2
1088,2, ,2,1,5,4,1,2,2,2,2,1,1,1,2,24,6,-9,4,8,15,0,11,2,4,2,0,0,0,0,1,0,0,1,0,0,0,0,0,0,0,0,0,1,3
880,2, ,2,1,5,6,1,1,1,1,1,1,1,1,2,21,25,-15,29,33,27,-5,16,2,4,3,0,0,0,0,1,0,0,0,0,0,0,0,1,0,0,0,0,5,2
2001,2, ,2,1,3,4,1,2,2,2,1,1,2,1,2,14,20,-8,21,7,6,14,21,2,2,2,0,0,0,0,1,0,0,0,1,0,0,0,0,1,0,0,0,6,3
1924,2, ,2,1,3,4,1,2,1,2,1,1,1,1,2,50,50,0,50,50,50,-10,40,1,3,1,0,0,0,0,1,0,0,0,0,0,0,0,0,1,0,0,0,2,1
505,1, ,3,1,5,5,3,1,2,2,1,2,1,1,2,15,29,23,14,10,7,11,7,1,4,3,0,0,0,0,1,0,0,1,0,0,0,0,0,0,0,0,0,2,3
587,2, ,2,2,5,5,1,2,2,2,1,1,2,1,2,1,-1,1,1,1,1,3,1,1,3,2,0,0,0,0,1,0,0,0,0,0,0,0,1,0,0,0,0,2,3
1420,2, ,3,2,5,4,2,2,2,2,1,1,1,2,2,0,10,30,25,10,25,15,-10,1,4,2,0,0,0,0,1,0,0,0,1,0,0,0,0,0,0,0,0,5,3
4598,2, ,5,3,3,5,3,2,2,1,1,2,1,1,2,-29,43,-26,21,40,47,5,-6,1,3,3,0,0,0,0,1,0,0,0,1,1,1,0,0,0,0,0,0,5,2
482,1, ,3,3,5,5,3,2,1,2,1,1,2,2,2,36,-35,42,45,45,44,32,26,2,4,3,0,0,0,0,1,0,0,0,1,1,0,0,0,0,0,0,0,1,1
1854,1, ,2,1,2,6,1,2,2,2,1,2,2,2,2,31,46,23,48,50,48,43,13,2,3,2,0,1,0,0,0,0,0,0,0,0,0,0,1,0,0,0,0,2,1
1009,2, ,2,1,3,4,1,2,1,2,1,1,1,1,2,5,12,2,16,10,32,16,12,2,2,2,0,0,0,0,1,0,0,0,1,0,1,0,0,0,0,0,0,7,3
644,2, ,3,1,3,4,4,1,1,1,1,1,1,1,2,28,-6,50,19,10,29,22,20,2,4,3,0,0,0,0,1,0,0,0,1,1,1,0,0,0,0,0,0,1,3
966,2, ,2,1,3,4,1,1,1,1,1,1,1,1,2,26,13,26,-10,35,50,7,-10,2,1,1,0,0,0,0,1,0,0,0,1,0,0,0,0,0,0,1,0,1,3
1322,2, ,2,1,5,6,2,2,2,2,2,2,1,1,2,11,31,20,42,18,38,-28,-27,1,3,2,0,0,0,0,1,0,0,1,0,0,0,0,0,0,0,0,0,3,2
1559,2, ,3,2,3,5,2,2,1,1,1,1,1,1,2,40,21,21,48,8,20,15,29,2,2,2,0,0,0,1,1,0,0,0,1,1,1,0,0,0,0,0,0,2,1
469,1, ,3,3,7,5,4,1,2,2,2,1,1,2,2,43,49,42,34,33,46,39,16,1,2,1,0,0,0,0,1,0,0,1,0,0,0,0,0,0,0,0,0,2,1
887,2, ,2,1,2,4,1,2,2,1,1,2,1,2,2,9,8,-6,-14,7,9,-14,7,1,4,1,0,0,0,0,1,0,0,0,0,0,0,0,0,1,0,0,0,2,3
720,2, ,2,1,3,4,1,2,1,1,1,1,1,2,2,3,48,3,2,-1,3,3,3,2,4,3,0,0,0,0,1,0,0,0,0,0,0,0,1,0,0,0,0,1,3
869,1, ,5,3,5,5,3,2,2,1,1,1,1,1,2,5,-37,-50,32,43,35,23,27,1,5,2,0,0,0,0,1,0,0,1,0,0,0,0,0,0,0,0,0,6,3
624,2, ,3,1,5,4,4,1,1,1,1,1,1,1,2,-2,10,-4,11,6,6,0,-4,2,5,3,0,0,0,0,1,0,0,0,0,0,0,0,0,0,0,0,1,2,3
823,2, ,2,1,2,4,1,2,2,2,2,2,2,2,2,21,22,21,23,19,22,20,20,2,5,2,1,0,1,1,0,0,0,0,0,0,0,0,0,0,0,0,1,5,3
493,1, ,3,1,5,5,5,2,1,1,1,1,1,1,2,-9,14,-6,-10,7,17,-3,8,1,2,2,0,0,1,0,0,0,0,0,0,0,0,0,0,1,0,0,0,3,3
896,2, ,2,1,2,6,1,2,2,1,1,1,1,1,2,25,31,25,34,25,26,26,24,1,4,3,0,0,0,0,1,0,0,0,0,0,1,0,1,0,0,0,1,3,1
1952,2, ,2,1,3,4,1,2,2,1,1,1,1,1,2,-39,48,14,31,41,26,-17,5,1,1,1,0,0,0,0,1,0,0,1,0,0,0,0,0,0,0,0,0,3,2
1022,1, ,3,2,6,5,3,1,1,1,1,1,1,1,2,-5,50,-4,17,7,26,5,5,2,3,3,0,0,0,0,1,0,0,0,1,1,0,0,0,0,0,0,0,4,3
1019,1, ,5,3,5,5,5,2,1,1,1,2,1,1,2,1,0,0,-1,1,1,1,1,2,5,2,0,0,0,0,1,0,0,0,1,0,0,0,0,0,0,0,0,9,3
963,2, ,5,1,6,5,6,2,2,2,1,2,2,2,2,20,22,-25,29,30,37,19,8,2,5,3,0,0,0,0,1,0,0,0,1,1,1,0,0,0,0,0,0,5,2
454,2, ,3,2,3,5,3,2,1,1,1,1,1,1,2,10,13,26,28,15,18,24,12,2,3,3,0,1,0,0,0,0,0,0,0,1,1,0,0,0,0,0,0,3,3
959,2, ,2,1,3,6,1,2,2,2,1,1,1,2,2,10,45,-40,39,50,50,-40,10,1,4,3,0,1,0,0,0,0,0,0,0,0,0,0,1,0,0,0,0,2,2
791,2, ,4,1,5,5,4,1,2,1,1,1,1,2,2,50,-40,-14,-46,-36,-10,22,30,1,3,2,0,0,0,0,1,0,0,1,0,0,0,0,0,0,0,0,0,3,3
1517,2, ,2,1,2,6,1,1,1,1,1,1,1,1,2,0,15,0,35,50,50,-20,0,1,4,2,0,0,0,0,1,0,0,0,0,0,0,0,1,0,0,0,0,1,2
778,1, ,4,1,6,5,5,2,2,2,2,2,2,2,2,38,47,41,43,36,41,41,44,2,5,2,0,0,0,0,1,0,0,0,0,1,0,0,0,0,0,0,0,2,1
1230,2, ,6,3,5,5,4,2,2,1,1,1,1,1,2,28,28,-14,30,27,30,8,-8,2,2,3,0,0,0,0,1,0,0,0,0,1,0,0,0,0,0,0,0,7,2
976,2, ,5,1,5,5,2,2,1,1,1,1,1,1,2,1,6,27,11,50,50,1,12,2,4,2,0,0,0,0,1,0,0,0,1,0,0,0,0,0,0,0,0,1,2
614,1, ,3,2,6,5,2,2,2,2,1,1,2,2,2,11,25,23,24,-15,-25,-9,50,1,4,2,1,0,0,0,0,0,0,1,0,0,0,0,0,0,0,0,0,1,3
774,2, ,3,3,5,5,5,2,2,1,1,2,1,2,2,-18,-32,27,50,37,45,-26,17,2,4,2,0,0,0,0,1,0,0,1,0,0,0,0,0,0,0,0,0,6,3
980,1, ,5,3,3,5,4,2,2,2,1,2,2,1,2,48,18,49,43,48,23,37,19,1,4,1,1,0,0,0,0,0,0,0,1,0,0,0,0,0,0,0,0,1,1
990,2, ,4,3,5,5,3,2,2,1,1,1,1,2,2,-8,21,17,30,25,9,21,-19,2,4,1,0,0,1,0,0,0,0,0,0,1,0,0,0,0,0,0,0,3,3
752,1, ,3,2,5,5,3,2,1,1,1,1,2,1,2,9,-6,9,20,12,19,-9,-20,1,3,2,0,0,0,0,1,0,0,1,0,0,0,0,0,0,0,0,0,5,3
918,2, ,2,1,3,4,1,2,1,2,1,1,1,1,2,27,7,20,12,25,12,-5,5,2,4,2,0,0,0,0,1,0,0,0,0,0,0,0,1,0,0,0,0,3,3
1058,2, ,3,1,3,5,3,2,2,1,1,2,1,1,2,2,24,-18,37,39,38,1,11,1,3,1,0,0,0,0,1,0,0,0,1,0,0,0,0,0,0,0,0,5,2
1301,1, ,3,3,5,5,3,2,2,2,1,1,1,1,2,-6,-12,-27,16,10,10,-14,14,1,4,2,0,1,0,0,0,0,0,1,0,0,0,0,0,0,0,0,0,5,3
4653,2, ,2,1,5,6,2,1,1,1,1,1,1,1,2,32,24,41,45,32,40,19,44,1,4,2,0,0,0,0,0,1,0,0,0,0,0,0,0,1,0,0,0,4,1
4134,2, ,2,2,3,4,2,2,2,2,1,1,1,2,2,50,50,50,44,50,50,34,18,1,4,2,0,0,1,0,0,0,0,0,0,0,0,0,1,0,0,0,0,1,1
694,2, ,4,3,3,5,3,2,1,2,1,1,1,2,2,17,28,-25,41,50,35,27,19,1,4,1,0,0,0,0,1,0,0,0,1,1,1,0,0,0,0,0,0,2,2
1029,2, ,5,2,5,5,4,2,1,1,1,1,2,1,2,-10,50,-39,10,31,30,-50,-50,3,4,3,0,0,1,0,1,0,0,0,1,1,0,0,0,0,0,0,0,2,2
1168,1, ,4,1,6,5,4,2,2,2,1,2,2,2,2,-17,20,17,23,50,19,-18,19,1,4,2,0,0,0,0,1,0,0,0,1,1,0,0,0,0,0,0,0,1,3
1720,1, ,5,1,7,5,3,2,2,1,1,2,1,2,2,10,44,-50,41,50,50,-50,-12,3,3,3,0,0,0,0,0,0,1,0,1,1,0,0,0,0,0,0,0,8,2
1502,2, ,2,1,3,4,1,2,2,2,2,2,1,2,2,15,25,-30,50,25,10,-50,-30,2,4,2,0,0,0,0,1,0,0,0,0,0,0,0,0,1,0,0,0,2,2
1198,2, ,3,3,3,5,3,2,2,1,2,2,1,2,2,39,18,30,11,14,30,15,36,3,4,3,0,0,0,0,1,0,0,0,1,1,1,0,0,0,0,0,0,1,1
538,2, ,2,1,5,6,2,2,2,2,2,1,1,1,2,17,24,25,24,29,35,17,27,2,4,3,0,1,0,0,0,0,0,0,0,0,0,0,1,0,0,0,0,4,1
1719,2, ,4,3,6,5,3,2,2,2,1,1,1,1,2,48,48,39,40,31,31,-29,20,1,3,1,1,0,0,0,1,0,0,1,0,0,0,0,0,0,0,0,0,4,1
1905,1, ,6,3,5,5,5,1,2,1,1,1,1,1,2,-40,5,-38,11,9,18,-40,-39,2,4,2,0,0,0,0,1,0,0,0,1,0,0,0,0,0,0,0,0,6,3
1422,2, ,2,1,3,5,2,2,2,2,1,1,1,2,2,17,25,30,42,38,39,20,-5,1,4,3,1,0,0,0,0,0,0,0,0,0,0,0,1,0,0,0,0,5,2
1802,1, ,5,1,5,5,5,2,2,1,2,1,1,1,2,-30,40,25,41,40,40,-38,-39,2,3,2,0,1,0,0,0,0,0,0,1,1,0,0,0,0,0,0,0,6,2
1300,1, ,5,3,5,5,3,2,2,1,1,1,1,1,2,10,3,3,37,19,40,-2,24,2,3,1,1,0,0,0,0,0,0,0,0,1,0,0,0,0,0,0,0,3,3
1026,2, ,3,3,3,5,3,1,1,1,1,1,1,1,2,25,14,16,30,47,36,11,27,2,4,2,0,0,1,0,0,0,0,1,0,0,0,0,0,0,0,0,0,3,1
957,2, ,2,1,2,4,1,1,1,1,1,2,1,2,2,0,25,-25,25,30,40,10,5,2,3,2,0,0,0,0,1,0,0,0,0,0,0,0,0,0,0,0,1,2,2
2221,2, ,6,1,3,5,5,2,1,1,1,1,1,1,2,0,50,50,50,50,50,-50,20,2,2,3,0,0,0,0,1,0,0,0,0,0,0,0,0,1,0,0,0,6,1
1629,2, ,3,2,5,5,2,2,1,1,1,1,1,1,2,24,30,-26,23,14,20,10,16,3,4,3,0,0,0,0,1,0,0,0,1,0,0,0,0,0,0,0,0,3,3
1465,2, ,4,1,5,5,2,2,2,2,1,2,2,2,2,50,50,50,50,50,50,50,50,2,2,2,1,0,0,0,0,0,0,0,1,1,0,0,0,0,0,0,0,1,1
6470,2, ,2,1,3,4,2,1,1,2,2,2,1,2,2,-12,33,0,25,10,45,18,-11,2,3,2,0,0,1,0,0,0,0,0,0,0,0,0,0,1,0,0,0,4,2
1475,1, ,2,1,3,6,1,1,2,2,1,1,1,2,2,50,-30,50,30,40,50,40,40,1,3,2,0,1,0,0,0,0,0,0,0,0,0,0,0,0,0,0,1,3,1
1759,2, ,4,3,5,5,4,2,2,2,1,2,1,1,2,-50,26,3,50,50,17,-50,-11,2,4,3,0,0,0,0,1,0,0,0,1,1,0,0,0,0,0,0,0,4,2
1451,2, ,3,2,5,4,1,2,2,1,1,1,1,1,2,18,41,-42,50,42,50,1,10,1,4,3,0,0,0,0,1,0,0,0,1,1,0,0,0,0,0,0,0,5,2
543,2, ,3,2,5,4,4,2,1,1,1,1,1,1,2,-22,30,19,21,16,17,30,14,2,4,1,1,0,0,0,0,0,0,0,1,1,1,0,0,0,0,0,0,3,3
727,2, ,2,1,5,4,1,2,2,1,1,1,1,1,2,21,10,-22,24,16,10,-16,10,2,3,2,0,0,0,0,1,0,0,0,0,0,0,0,0,1,0,0,0,3,3
554,1, ,4,3,6,5,7,1,1,1,1,1,1,1,2,47,-46,47,45,47,46,29,47,2,5,1,1,0,1,0,0,0,0,0,1,1,0,0,0,0,0,0,0,1,1
1810,2, ,4,3,6,5,6,1,1,1,1,1,2,1,2,22,15,25,25,27,31,18,18,2,3,1,0,0,0,0,1,0,0,0,1,1,1,0,0,0,0,0,0,2,1
2713,2, ,3,3,5,5,3,2,2,1,1,1,1,1,2,6,29,2,50,50,50,-15,-19,2,4,3,0,1,0,0,0,0,0,0,1,1,0,0,0,0,0,0,0,4,2
866,2, ,2,2,5,4,2,2,1,1,1,1,1,1,2,30,17,19,32,32,21,1,35,1,4,2,0,0,0,0,1,0,0,0,0,0,1,0,0,0,0,0,0,4,1
3121,1, ,5,3,5,5,5,2,2,1,1,1,1,1,2,-4,38,-31,49,32,49,-15,50,2,4,3,0,0,0,0,1,0,0,0,1,1,0,0,0,0,0,0,0,2,2
3088,2, ,4,2,3,5,4,1,1,1,1,1,1,1,2,10,10,-10,10,10,10,-10,10,1,3,1,0,1,0,0,0,0,0,0,0,0,1,0,0,0,0,0,0,9,3
3397,1, ,3,1,3,4,5,1,2,2,1,2,1,1,2,-36,-21,-18,43,-1,-32,15,2,3,4,2,0,0,0,0,1,0,0,0,1,1,1,0,0,1,0,0,0,10,3
1528,2, ,2,1,3,5,2,1,1,1,1,1,1,1,2,50,32,-28,29,26,24,-40,-39,1,3,1,0,0,0,0,1,0,0,0,0,0,0,0,0,1,0,0,0,2,2
1511,2, ,2,1,3,4,1,1,1,1,2,2,1,2,2,-39,22,40,35,50,50,-17,-25,1,1,1,0,1,1,0,1,0,0,0,0,0,0,0,1,0,0,0,0,6,2
2683,2, ,3,1,5,6,1,2,2,1,2,2,2,2,2,0,50,0,50,50,50,-50,-50,1,4,1,0,1,0,0,0,0,0,1,0,0,0,0,0,0,0,0,0,10,2
3824,2, ,5,1,3,5,3,2,2,1,1,1,1,1,2,32,-6,21,22,46,36,-19,15,2,4,1,0,0,0,0,1,0,0,0,1,1,1,1,0,0,0,0,0,2,1
1195,1, ,3,1,3,5,3,2,2,2,1,2,2,2,2,24,-10,12,15,18,22,-12,9,2,4,3,0,0,0,0,1,0,0,0,0,0,0,0,0,1,0,0,0,4,3
826,2, ,2,1,3,6,1,2,2,2,1,2,1,1,2,17,11,15,14,16,15,14,13,2,4,3,0,0,0,0,1,0,0,0,0,0,0,0,1,0,0,0,0,2,3
13886,1, ,2,1,3,6,1,2,2,1,1,2,1,2,2,8,24,-50,48,30,50,-40,10,2,2,2,0,0,1,0,1,0,0,0,0,0,1,0,1,0,0,0,0,2,2
2881,2, ,2,1,3,6,1,1,2,1,1,1,1,2,2,-40,20,-20,20,10,10,-10,-10,1,2,1,0,1,0,0,1,0,0,0,0,0,0,0,0,1,0,0,0,3,3
880,2, ,3,2,3,4,4,2,1,2,2,2,2,2,2,4,3,8,3,-2,-12,2,11,3,3,2,0,0,0,0,1,0,0,0,0,0,0,0,0,0,0,1,0,1,3
791,2, ,2,1,3,4,1,1,2,2,1,1,1,1,2,4,46,-7,46,33,46,17,3,3,3,3,0,0,0,0,1,0,0,0,0,0,1,0,1,0,0,0,0,5,2
3985,2, ,4,3,6,5,4,2,2,2,2,2,1,1,2,2,28,-49,16,43,28,-32,-26,2,4,3,0,0,0,0,1,0,0,0,0,0,0,0,1,0,0,0,0,5,2
1277,2, ,2,1,3,6,1,2,1,2,1,1,1,2,2,45,31,3,13,-3,25,18,16,3,4,2,0,0,0,0,1,0,0,1,0,0,0,0,0,0,0,0,0,4,3
1048,2, ,3,1,5,5,3,1,1,1,1,1,1,1,2,29,-35,32,8,-31,-16,12,16,1,4,2,0,1,0,0,0,0,0,0,1,0,0,0,0,0,0,0,0,1,3
742,2, ,2,1,3,6,1,2,2,2,2,2,1,2,2,-12,38,-26,39,40,4,38,-25,1,3,1,0,1,0,0,0,0,0,0,0,0,0,0,0,1,0,0,0,2,2
1055,2, ,5,3,6,5,5,2,1,1,1,1,1,1,2,16,-23,10,40,10,18,28,-22,3,3,3,0,0,0,0,1,0,0,0,1,1,0,0,0,0,0,0,0,2,3
1141,1, ,3,3,5,5,3,1,1,1,1,1,1,1,2,30,-30,47,31,30,33,24,28,1,4,2,0,0,0,0,1,0,0,0,1,1,0,0,0,0,0,0,0,1,3
1891,2, ,2,2,3,4,2,1,2,2,1,1,1,1,2,29,29,30,50,38,50,1,1,3,4,2,0,0,1,0,0,0,0,0,0,0,0,0,1,0,0,0,0,2,1
1352,2, ,2,1,3,4,1,2,1,1,1,2,1,1,2,14,23,25,1,28,20,24,9,1,3,1,1,0,0,0,0,0,0,0,0,1,0,0,0,0,0,0,0,5,3
884,2, ,2,1,2,6,1,2,1,1,1,1,1,1,2,46,-19,31,-20,-22,30,-3,36,1,1,2,0,0,0,0,1,0,0,0,0,0,0,0,0,1,0,0,0,1,3
401,2, ,2,1,3,4,3,2,1,1,1,1,1,1,2,30,21,20,25,33,31,27,27,2,4,3,0,0,0,0,1,0,0,1,0,0,0,0,0,0,0,0,0,2,1
905,1, ,3,2,6,4,4,2,2,1,1,2,1,2,2,40,42,50,40,49,41,49,42,1,5,1,0,0,0,0,1,0,0,0,1,1,1,0,0,0,0,0,0,1,1
1628,1, ,3,3,5,5,6,1,2,2,2,1,1,1,2,37,13,14,28,14,18,10,21,2,5,2,0,0,0,0,1,0,0,0,1,1,0,0,0,0,0,0,0,1,3
800,2, ,3,3,5,5,3,2,2,2,2,1,1,1,2,26,21,7,42,29,50,-30,-9,1,3,1,0,0,0,0,1,0,0,1,0,0,0,0,0,0,0,0,0,5,2
2195,1, ,3,2,3,4,5,1,2,1,1,1,2,1,2,15,26,18,16,-4,39,34,7,2,3,2,0,0,0,0,1,0,0,0,0,0,0,0,1,0,0,0,0,4,3
1222,1, ,4,3,7,5,4,2,2,2,2,1,1,2,2,45,45,41,45,45,45,40,39,1,4,2,0,0,0,0,1,0,0,0,1,1,1,0,0,0,0,0,0,1,1
1071,2, ,2,1,3,6,1,1,1,1,1,1,1,2,2,50,28,28,50,1,1,-18,29,2,4,2,0,0,0,0,1,0,0,0,0,0,0,0,0,1,0,0,0,1,3
11677,2, ,2,1,3,6,1,2,1,1,1,1,1,1,2,-11,26,13,34,18,16,16,-21,1,1,2,0,0,0,0,1,0,0,0,0,0,0,0,1,0,0,0,0,3,3
721,1, ,6,3,5,5,4,2,1,1,1,1,1,1,2,36,-20,17,15,17,16,18,18,2,4,2,0,0,0,0,1,0,0,0,0,1,0,0,1,0,0,0,0,2,3
1159,2, ,2,1,3,4,1,2,2,2,2,2,1,1,2,32,50,-6,50,46,50,7,2,3,4,3,0,0,0,0,1,0,0,0,0,0,1,0,1,0,0,0,0,4,2
1003,2, ,2,1,3,6,1,2,1,2,2,2,1,1,2,-39,20,-29,18,37,50,-29,-38,1,1,2,1,0,0,0,0,0,0,1,0,0,0,0,0,0,0,0,0,5,2
736,1, ,5,1,7,5,5,1,1,1,1,1,1,1,2,14,23,11,14,-15,30,16,-5,1,4,3,0,0,0,0,1,0,0,0,1,1,1,0,0,0,0,0,0,1,3
671,2, ,6,1,5,5,5,2,1,1,1,1,1,2,2,23,22,29,26,31,27,24,35,2,5,3,0,0,0,0,1,0,0,0,1,0,0,0,0,0,0,0,0,2,1
910,2, ,2,1,2,4,1,2,2,1,1,1,1,2,2,-19,27,16,20,14,26,-35,17,1,2,2,1,0,0,0,0,0,0,0,1,0,0,0,1,0,0,0,0,4,3
1858,2, ,2,1,3,6,1,2,2,1,1,2,1,1,2,-17,14,-17,39,19,17,-17,-16,1,4,2,0,1,0,0,0,0,0,0,0,0,0,0,1,0,0,0,0,4,3
1031,2, ,3,1,5,4,2,2,2,1,1,1,1,1,2,-2,-12,-14,-13,-8,17,17,17,2,3,2,0,0,0,0,1,0,0,0,0,0,0,0,0,0,0,1,0,3,3
1621,1, ,4,3,5,5,4,1,1,1,1,1,1,1,2,32,31,38,33,31,27,36,34,2,4,3,0,0,0,0,1,0,0,0,1,1,0,0,0,0,0,0,0,7,1
1003,2, ,2,1,3,6,1,2,2,2,2,2,1,2,2,-50,32,-48,45,45,48,-50,32,2,2,3,0,0,0,0,1,0,0,0,0,0,0,0,1,0,0,0,0,4,2
1210,2, ,2,2,3,4,1,2,2,1,1,1,1,2,2,32,33,0,33,31,9,-28,0,2,3,2,0,0,0,0,1,0,0,0,0,0,0,0,1,0,0,0,0,2,3
626,2, ,2,1,2,4,1,2,1,2,1,2,2,1,2,17,10,15,25,7,13,2,13,2,3,2,0,1,0,0,0,0,0,0,0,0,0,0,0,0,0,1,0,8,3
7658,1, ,3,2,3,5,2,2,1,2,1,1,1,2,2,38,27,3,33,33,38,17,-30,2,3,3,0,0,0,0,1,0,0,0,1,0,0,0,0,0,0,0,0,2,2
996,2, ,2,1,3,6,1,2,2,1,1,2,1,1,2,-5,28,-11,29,15,28,-14,-18,1,4,2,0,1,0,0,0,0,0,0,0,0,0,0,1,0,0,0,0,5,2
1390,2, ,2,1,3,6,1,1,2,2,2,2,2,2,2,50,34,29,35,46,50,32,5,1,1,1,1,0,0,0,0,0,0,1,0,0,0,0,0,0,0,0,0,5,1
862,1, ,6,1,6,5,3,2,1,1,1,1,1,1,2,5,-9,15,25,14,7,6,6,2,4,3,0,0,0,0,1,0,0,0,1,0,0,0,0,0,0,0,0,8,3
893,1, ,2,1,3,6,1,1,1,1,1,1,1,1,2,15,10,5,14,19,12,1,8,2,3,1,0,0,0,0,1,0,0,1,0,0,0,0,0,0,0,0,0,4,3
545,2, ,2,1,7,5,7,2,1,2,1,2,2,2,2,-23,7,7,-13,7,24,27,38,1,5,3,0,0,0,0,1,0,0,0,1,0,0,0,0,0,0,0,0,1,3
1197,2, ,2,1,3,4,1,2,2,1,1,1,1,1,2,50,50,15,41,22,40,2,13,1,3,2,0,0,0,0,1,0,0,0,0,0,0,0,0,1,0,0,0,3,1
706,2, ,2,1,2,4,1,2,2,2,2,1,2,2,2,40,34,25,25,28,18,19,37,2,4,2,0,0,0,0,1,0,0,0,0,0,0,0,1,0,0,0,0,2,1
1368,2, ,2,1,3,6,1,1,1,1,1,1,1,2,2,40,15,40,23,44,50,-31,25,2,4,2,0,0,0,0,1,0,0,0,1,0,0,0,0,0,0,0,0,1,1
4808,2, ,2,1,4,6,1,2,2,1,1,1,1,2,2,18,16,43,46,50,34,15,9,2,1,3,0,0,1,0,0,0,0,0,0,0,0,0,1,0,0,0,0,2,1
2807,2, ,2,1,2,6,1,2,2,1,1,2,1,2,2,-49,50,-47,50,50,50,-50,-48,3,3,3,0,0,0,0,1,0,0,0,0,0,0,0,1,0,0,0,0,6,2
1495,2, ,2,2,3,4,1,1,2,1,1,2,1,2,2,-20,50,-50,50,50,50,-10,-11,2,2,2,0,0,1,0,0,0,0,0,0,0,1,0,1,0,0,0,0,4,2
916,2, ,2,1,2,6,1,2,2,1,1,1,1,2,2,-22,16,-15,9,24,30,-16,20,2,2,3,1,0,0,0,0,0,0,0,1,0,0,0,0,0,0,1,0,10,3
2758,2, ,2,1,5,6,2,1,1,1,1,1,1,1,2,9,32,13,-34,-3,-8,-6,19,3,4,3,0,0,0,0,1,0,0,0,0,0,0,0,1,0,0,0,0,4,3
832,2, ,2,1,3,4,1,2,2,1,1,1,1,2,2,-50,22,-32,50,36,44,-22,-43,2,1,2,0,0,0,0,1,0,0,1,0,0,0,0,0,0,0,0,0,6,2
3955,2, ,2,1,3,6,1,2,1,1,1,1,1,2,2,10,30,-10,40,35,35,-39,-20,2,1,2,1,0,0,0,0,0,0,0,0,0,1,0,1,0,0,0,0,2,2
1024,2, ,2,1,3,4,1,2,2,2,2,1,1,2,2,33,42,46,42,45,46,35,40,1,3,3,0,0,0,0,1,0,0,1,0,0,0,0,0,0,0,0,0,1,1
890,2, ,2,1,3,6,1,2,2,2,1,2,1,1,2,22,50,50,50,37,50,-9,50,2,3,2,0,0,0,0,1,0,0,0,0,0,0,0,0,0,0,0,1,1,1
1247,2, ,2,1,3,4,1,2,2,1,1,1,1,2,2,27,3,0,23,18,24,-5,-5,2,3,2,0,0,0,0,1,0,0,0,0,0,0,0,0,0,0,1,0,2,3
910,2, ,2,1,5,6,1,2,1,1,1,1,1,1,2,-22,11,5,3,50,50,-43,24,3,3,2,0,0,0,0,1,0,0,1,0,0,0,0,0,0,0,0,0,6,2
1332,2, ,3,3,5,5,3,2,1,1,1,1,1,2,2,0,15,28,50,50,50,-50,11,1,4,1,1,0,0,0,0,0,0,1,0,0,0,0,0,0,0,0,0,5,2
775,2, ,2,1,3,6,1,2,1,1,1,1,1,1,2,17,7,32,28,28,15,7,17,1,4,3,0,0,0,0,1,0,0,0,0,0,1,0,1,0,0,0,0,3,3
369,2, ,2,1,3,5,1,1,2,1,1,1,1,1,2,10,7,-5,9,-5,-4,14,-5,2,3,2,0,0,0,0,1,0,0,0,0,1,0,0,0,0,0,0,0,3,3
900,3,Attack Helicopter,2,1,3,4,1,2,2,2,2,2,1,2,2,-5,19,-11,11,22,22,-7,-7,2,3,2,0,0,0,0,1,0,0,0,0,0,1,0,0,0,0,0,0,2,3
2423,1, ,3,1,5,5,3,1,1,1,1,1,1,1,2,29,-15,-12,12,22,18,-18,15,1,4,1,0,0,0,0,1,0,0,0,1,1,0,0,0,0,0,0,0,2,3
1322,2, ,2,1,3,6,3,1,2,2,1,1,1,1,2,19,18,17,17,17,19,19,-15,3,4,3,0,0,0,0,1,0,0,1,0,0,0,0,0,0,0,0,0,4,3
945,2, ,2,1,3,6,4,2,2,1,1,1,1,1,2,1,1,1,19,1,-24,10,1,2,3,3,0,1,0,0,0,0,0,0,0,0,0,0,1,0,0,0,0,2,3
797,2, ,2,1,2,4,1,2,1,1,2,1,1,1,2,27,46,12,16,48,43,28,20,2,4,2,0,0,0,0,1,0,0,0,0,0,0,0,0,1,0,0,0,3,1
817,2, ,2,1,3,6,1,2,2,1,1,2,1,1,2,29,9,30,21,38,36,-29,-25,3,3,2,0,0,0,0,1,0,0,0,0,0,0,0,1,0,0,0,0,1,2
399,2, ,2,1,5,5,2,2,2,2,2,2,2,2,2,26,21,19,29,26,28,24,21,2,2,2,0,0,0,0,1,0,0,1,0,0,0,0,0,0,0,0,0,5,1
528,2, ,2,2,2,4,2,1,1,1,1,1,1,1,2,50,-50,-50,50,50,50,50,-50,2,3,2,0,0,0,0,1,0,0,0,1,1,0,0,0,0,0,0,0,1,2
17039,1, ,2,1,3,4,1,1,1,1,1,1,1,1,2,40,-27,17,23,16,-22,37,40,3,3,3,0,0,0,0,1,0,0,0,0,0,0,0,1,0,0,0,0,2,3
612,2, ,3,1,7,5,5,2,2,2,2,2,2,2,2,50,50,50,50,50,50,50,50,1,5,1,1,0,0,0,0,0,0,0,0,1,0,0,0,0,0,0,0,1,1
1143,2, ,2,1,3,6,1,2,1,1,1,1,1,1,2,12,-15,-5,50,34,12,-15,29,3,4,2,0,0,0,0,1,0,0,0,0,0,0,0,0,0,0,0,1,2,3
966,1, ,2,2,3,4,1,1,2,1,1,1,1,1,2,-23,-17,-28,50,50,50,-50,47,2,3,3,0,0,0,0,1,0,0,0,0,0,0,0,1,0,0,0,0,7,2
13429,2, ,3,2,5,5,2,2,2,2,1,2,1,2,2,50,12,6,19,21,21,-14,21,2,3,2,0,0,0,0,1,0,0,0,1,0,0,0,0,0,0,0,0,4,3
574,2, ,2,2,3,4,2,1,2,2,1,1,1,2,2,13,-16,28,21,10,-7,7,27,1,4,2,0,0,1,0,0,0,0,1,0,0,0,0,0,0,0,0,0,1,3
937,1, ,2,1,3,4,1,1,1,1,1,1,1,1,2,48,10,38,50,45,42,38,22,1,3,1,0,0,1,0,0,0,0,1,0,0,0,0,0,0,0,0,0,1,1
2352,2, ,3,1,6,5,2,2,1,1,1,1,1,1,2,-25,15,-13,15,17,18,-27,15,1,2,2,0,0,0,0,1,0,0,1,0,0,0,0,0,0,0,0,0,6,3
1029,2, ,2,1,3,4,1,2,2,2,1,2,2,1,2,-12,40,2,50,50,12,-48,-27,2,2,3,0,0,0,0,0,0,1,0,0,0,0,0,0,1,0,0,0,4,2
3049,2, ,3,1,5,4,4,1,1,1,1,1,1,1,2,-15,50,15,50,50,50,-23,-18,2,3,2,1,0,0,0,0,0,0,0,1,1,0,0,0,0,0,0,0,4,2
2090,2, ,3,2,2,4,2,2,2,1,1,1,1,1,2,20,18,23,27,-13,16,16,18,2,3,2,1,0,0,0,0,0,0,0,0,0,0,0,1,0,0,0,0,4,3
723,1, ,2,2,3,4,2,2,2,2,2,2,2,2,2,32,50,-50,50,50,50,-50,-34,1,3,3,0,0,0,0,1,0,0,0,1,0,1,0,0,0,0,0,0,7,2
1458,2, ,2,2,3,4,1,2,1,1,1,2,1,1,2,44,-29,25,50,41,29,23,33,3,2,3,0,0,0,0,1,0,0,0,0,0,0,0,1,0,0,0,0,5,1
6165,1, ,6,3,5,5,7,1,1,1,1,1,1,1,2,-20,5,-12,-20,-6,-5,-19,-6,1,5,3,0,0,0,0,1,0,0,0,1,1,0,0,0,0,0,0,0,9,3
1226,2, ,3,3,5,5,3,2,1,2,1,1,2,2,2,47,-18,8,31,40,46,34,33,1,3,1,0,0,0,0,1,0,0,0,0,0,0,0,0,1,0,0,0,5,1
1554,2, ,2,2,5,4,1,2,2,1,1,1,1,1,2,12,37,29,50,50,50,-50,-35,1,1,2,0,0,0,0,1,0,0,0,1,0,0,0,0,1,0,0,0,4,2
1052,2, ,3,2, ,4,1,2,1,1,1,1,1,2,2,2,2,18,32,31,31,9,35,1,4,2,0,0,1,0,0,0,0,1,0,0,0,0,0,0,0,0,0,2,3
998,1, ,3,2,5,5,4,2,2,1,1,1,2,1,2,39,43,41,31,42,38,42,31,2,4,2,0,1,0,0,0,0,0,0,1,1,0,0,0,0,0,0,0,2,1
5494,2, ,4,3,6,5,6,2,2,2,2,2,2,2,2,36,30,40,35,33,31,40,34,1,5,3,1,0,0,0,0,0,0,0,0,1,0,0,0,0,0,0,0,1,1
1306,2, ,2,2,6,4,2,2,2,2,2,2,2,2,2,-16,50,24,8,50,22,20,-5,2,3,2,0,1,0,0,0,0,0,1,0,0,0,0,0,0,0,0,0,3,2
1430,2, ,2,2,5,5,2,2,2,1,1,2,2,2,2,-40,8,-10,50,14,49,-47,-7,1,3,2,0,0,0,0,1,0,0,0,1,0,0,0,0,0,0,0,0,6,2
853,2, ,3,3,6,5,5,2,2,2,2,2,2,2,2,46,48,48,46,31,46,47,49,1,1,1,0,0,0,0,1,0,0,0,1,1,0,0,0,0,0,0,0,1,1
1248,2, ,2,2,3,4,1,1,2,2,1,1,1,1,2,-14,24,9,50,-6,50,42,-3,1,3,2,0,0,0,0,1,0,0,0,0,0,0,0,0,0,0,1,0,7,2
3668,2, ,2,2,3,4,1,2,2,2,1,2,1,2,2,31,24,4,28,29,30,1,18,3,3,3,0,0,0,0,0,1,0,0,1,0,1,0,1,0,0,0,0,5,1
1793,2, ,2,2,3,4,1,2,1,1,1,1,1,2,2,50,-45,50,10,5,-5,-45,50,2,2,3,1,0,1,0,1,0,0,0,0,0,0,0,1,0,0,0,0,1,3
20172,1, ,5,3,6,5,7,2,2,1,1,1,1,1,2,40,31,-25,10,40,40,-40,-40,2,4,3,0,1,0,0,0,0,0,0,1,0,0,0,0,0,0,0,0,3,2
434,2, ,3,3,5,5,3,2,1,1,1,1,1,2,2,24,-20,-23,12,29,20,32,40,3,4,3,0,0,0,0,1,0,0,1,0,0,0,0,0,0,0,0,0,1,3
1239,2, ,5,2,5,4,5,2,2,1,1,1,1,1,2,11,50,36,50,50,49,-30,-41,2,3,2,1,0,0,0,0,0,0,0,1,1,0,0,0,0,0,0,0,3,2
762,2, ,4,3,6,5,5,2,2,2,1,2,1,1,2,20,35,-18,36,27,46,-23,-5,2,4,3,0,0,0,0,1,0,0,0,1,1,1,0,0,0,0,0,0,5,2
730,2, ,3,3,5,5,3,2,1,1,1,1,1,1,2,-11,1,9,12,19,17,5,6,1,4,2,0,0,0,0,1,0,0,0,1,1,1,0,0,0,0,0,0,2,3
548,2, ,4,3,6,5,4,2,2,2,2,2,2,2,2,43,31,39,40,35,42,41,25,2,5,2,0,0,1,0,1,0,0,1,0,0,0,0,0,0,0,0,0,2,1
841,2, ,4,2,3,5,3,2,2,1,1,2,2,1,2,6,30,-31,25,8,18,-19,10,3,3,3,0,0,0,0,1,0,0,0,1,1,0,0,0,0,0,0,0,2,3
1301,2, ,2,2,5,5,1,2,1,2,1,1,1,2,2,2,43,47,28,40,31,2,-7,3,4,3,0,0,0,0,1,0,0,0,0,0,0,0,1,0,0,0,0,4,2
1488,2, ,3,2,5,5,4,2,1,1,2,1,2,1,2,35,34,20,27,19,39,31,35,1,1,1,0,0,1,0,1,0,0,0,0,1,0,0,0,0,0,0,0,1,1
37197,2, ,5,3,5,5,6,1,2,1,1,1,1,1,2,5,25,-14,27,24,23,-25,-12,2,4,2,0,0,0,0,1,0,0,0,1,0,0,0,0,0,0,0,0,6,3
1345,2, ,4,3,5,5,3,2,2,1,1,2,1,2,2,10,44,-5,43,44,43,7,6,2,3,2,0,1,0,0,0,0,0,0,1,1,1,0,0,0,0,0,0,2,2
922,2, ,3,3,6,5,3,2,2,1,1,1,1,1,2,50,50,10,50,50,50,40,43,2,4,3,0,0,0,0,1,0,0,1,0,0,0,0,0,0,0,0,0,3,1
336,2, ,3,2,3,4,2,1,1,1,2,2,2,1,2,29,36,40,34,12,20,24,41,1,3,3,0,0,0,0,1,0,0,0,1,0,0,0,0,0,0,0,0,1,1
682,2, ,4,3,6,5,4,2,2,2,2,2,2,1,2,27,34,-22,47,48,47,11,13,2,4,2,0,0,0,0,1,0,0,0,1,1,1,0,0,0,0,0,0,3,2
1883,2, ,3,2,6,4,2,2,2,1,1,2,1,1,2,21,34,-11,50,49,50,11,15,1,4,2,0,0,0,0,1,0,0,0,1,1,0,0,0,0,0,0,0,2,2
6129,2, ,3,3,3,5,3,2,2,1,1,1,2,1,2,2,20,-1,20,34,3,2,13,1,4,1,0,0,0,0,1,0,0,0,1,0,0,0,0,0,0,0,0,1,3
1966,2, ,4,3,5,5,3,1,1,1,1,1,1,1,2,5,20,-50,50,15,15,-20,-15,3,3,3,0,0,0,0,1,0,0,0,0,0,1,0,1,0,0,0,0,2,3
1902,1, ,5,2,3,5,4,2,1,1,1,1,1,1,2,22,10,14,-3,20,45,8,4,1,5,1,0,0,0,0,1,0,0,0,1,1,1,0,0,0,0,0,0,2,3
489,2, ,3,2,5,4,2,2,1,2,1,1,2,1,2,-5,8,8,27,-12,-8,-14,14,2,4,2,0,0,0,0,1,0,0,0,1,0,0,0,0,0,0,0,0,2,3
1670,1, ,3,2,5,4,4,2,2,2,2,1,2,1,2,32,44,30,22,29,39,33,39,1,2,1,0,0,0,0,1,0,0,0,1,1,1,0,0,0,0,0,0,2,1
1356,2, ,3,2,5,4,1,2,2,2,1,1,1,2,2,32,3,48,50,37,50,16,-15,2,4,1,0,1,0,0,0,0,0,0,0,0,0,0,1,0,0,0,0,3,2
1468,1, ,4,3,7,5,7,2,1,1,1,1,1,1,2,23,24,11,40,41,15,35,18,1,4,1,0,0,0,0,1,0,0,0,1,1,1,0,0,0,0,0,0,1,1
1052,1, ,3,2,5,5,5,2,2,1,1,1,2,2,2,27,-11,50,50,50,37,31,17,2,4,3,0,0,1,0,1,0,0,0,1,1,1,0,0,0,0,0,0,1,1
751,2, ,2,2,3,4,1,2,1,1,1,1,1,2,2,15,29,20,34,29,23,-24,-22,1,3,2,0,0,0,0,1,0,0,0,1,0,1,0,0,0,0,0,0,2,2
745,1, ,3,3,7,5,7,2,1,1,1,1,1,1,2,22,17,30,13,25,42,14,9,1,4,1,0,0,0,0,1,0,0,0,1,1,1,0,0,0,0,0,0,1,1
916,1, ,2,3,5,5,6,1,1,2,1,1,1,2,2,50,-24,35,39,21,30,-16,39,1,4,2,1,0,0,0,0,0,0,1,0,0,0,0,0,0,0,0,0,1,1
1124,1, ,3,3,5,5,4,2,2,2,1,1,1,2,2,36,4,9,18,14,36,-4,31,2,3,1,0,0,0,0,1,0,0,0,1,0,0,0,0,0,0,0,0,5,3
866,2, ,2,2,3,4,1,1,1,1,1,1,1,2,2,5,29,-20,20,30,30,10,-25,1,3,2,0,0,0,0,1,0,0,0,0,0,0,0,0,0,0,0,1,2,2
940,1, ,4,3,5,5,6,2,1,1,1,1,1,2,2,35,-27,16,37,33,34,35,41,1,4,2,0,0,1,0,0,0,0,0,1,1,0,0,0,0,0,0,0,2,3
1285,1, ,5,3,5,5,6,2,2,2,1,1,2,1,2,36,37,34,36,29,29,26,25,1,4,3,0,0,0,0,1,0,0,0,1,1,0,0,0,0,0,0,0,1,1
410,1, ,3,1,5,5,3,2,2,2,2,2,2,2,2,41,38,22,40,50,42,37,40,1,1,1,0,0,1,0,0,0,0,0,1,1,1,0,0,0,0,0,0,1,1
576,2, ,6,1,5,5,4,2,1,1,1,1,1,1,2,50,-25,36,49,35,50,42,39,1,4,3,0,0,0,0,1,0,0,0,1,1,0,0,0,0,0,0,0,1,1
618,1, ,3,1,3,5,6,2,1,1,1,1,1,1,2,20,22,22,42,34,10,11,15,2,4,2,0,0,0,0,1,0,0,0,1,1,1,0,0,0,0,0,0,2,1
767,2, ,4, ,7,5,7,1,2,1,1,2,2,2,2,35,26,34,33,32,36,27,24,2,5,2,0,0,0,0,1,0,0,0,1,1,1,0,0,0,0,0,0,1,1
568,1, ,3,1,5,5,4,2,2,2,1,2,1,2,2,-13,-13,-22,-20,-18,10,7,18,2,3,1,0,0,0,0,1,0,0,0,0,0,0,0,0,1,0,0,0,4,3
1134,2, ,5,3,6,5,4,2,1,2,2,2,2,2,2,39,24,46,50,49,47,12,43,2,3,2,0,0,0,0,1,0,0,0,1,1,1,0,0,0,0,0,0,3,1
657,2, ,5,1,5,5, ,1,1,1,2,1,1,1,2,34,21,27,23,35,23,21,32,1,5,3,0,0,1,0,0,0,0,1,0,0,0,0,0,0,0,0,0,1,1
351,1, ,3,1,3,5,3,2,2,2,2,2,2,2,2,28,33,38,34,34,36,28,37,1,2,1,0,0,0,0,1,0,0,1,0,0,0,0,0,0,0,0,0,2,1
733,1, ,5,3,7,5,4,2,2,1,1,1,1,2,2,23,7,-8,5,-6,10,8,11,2,4,3,0,0,0,0,1,0,0,0,1,0,0,0,0,0,0,0,0,2,3
1042,2, ,3,3,6,5,3,2,2,2,1,2,1,1,2,45,49,21,49,40,44,-13,-10,1,4,1,0,0,0,0,1,0,0,0,1,0,0,0,0,0,0,0,0,1,2
678,2, ,4,3,6,5,6,2,1,2,1,1,2,2,2,50,30,50,50,50,50,50,50,2,5,3,1,0,0,0,0,0,0,0,0,1,1,0,0,0,0,0,0,1,1
1630,2, ,3,3,6,5,3,2,1,2,1,2,1,1,2,29,23,26,19,26,30,26,22,1,2,2,0,0,0,0,1,0,0,0,1,0,0,0,0,0,0,0,0,5,1
1499,1, ,6,3,6,5,4,1,1,1,1,1,1,1,2,10,46,22,37,47,46,-26,-5,2,3,3,0,0,0,0,1,0,0,0,1,0,0,0,0,0,0,0,0,1,2
832,1, ,4,3,5,5,7,2,1,1,1,1,1,1,2,43,-5,42,5,10,4,40,35,2,4,3,0,0,1,0,0,0,0,0,1,1,0,0,0,0,0,0,0,2,3
4566,2, ,5,2,3,4,3,2,2,1,2,1,1,2,2,11,21,20,40,50,49,21,31,2,3,3,0,0,0,0,1,0,0,0,1,0,0,0,0,0,0,0,0,4,1
522,2, ,2,1,5,5,2,2,2,2,2,2,2,2,2,46,46,46,44,45,47,45,45,3,2,3,0,0,0,0,1,0,0,0,0,0,1,0,1,0,0,0,0,1,1
375,2, ,3,3,5,5,5,1,1,1,1,1,1,1,2,38,41,43,29,33,37,46,39,2,3,3,0,0,0,0,1,0,0,0,1,1,0,0,0,0,0,0,0,1,1
1037,2, ,3,1,5,5,5,2,1,1,1,1,1,2,2,45,37,46,43,44,41,45,42,1,4,2,1,0,0,0,0,0,0,0,0,1,0,0,1,0,0,0,0,1,1
885,1, ,5,3,5,5,3,1,2,1,1,1,1,1,2,-33,-36,10,42,47,44,5,25,1,4,2,0,0,0,0,1,0,0,0,1,1,1,0,0,0,0,0,0,2,3
2033,2, ,2,2,3,4,1,2,1,2,2,2,2,1,2,-1,50,24,50,50,50,-3,-50,1,3,3,0,1,0,0,0,0,0,0,0,0,0,0,1,0,0,0,0,5,2
557,2, ,4,1,5,5,5,2,2,2,2,2,2,2,2,37,39,43,49,43,50,42,36,1,5,1,0,0,0,0,1,0,0,0,1,1,0,0,0,0,0,0,0,1,1
1250,2, ,4,2,3,4,5,1,1,1,1,1,1,1,2,-26,50,14,50,50,50,28,50,2,4,3,0,0,0,0,1,0,0,0,1,1,0,0,0,0,0,0,0,4,2
641,2, ,3,2,6,5,2,1,2,1,2,1,1,1,2,34,20,10,21,26,15,9,15,2,4,3,0,0,0,0,1,0,0,0,1,1,0,0,0,0,0,0,0,5,3
567,2, ,2,1,5,5,4,2,1,2,1,1,1,2,2,32,-14,16,14,35,18,35,37,2,4,3,0,0,0,0,1,0,0,0,1,0,0,0,0,0,0,0,0,1,3
802,2, ,3,3,5,5,4,2,2,1,1,1,2,2,2,-23,50,26,50,50,50,11,-47,3,4,3,0,0,0,0,1,0,0,0,1,1,0,0,0,0,0,0,0,5,2
829,2, ,4,3,6,5,4,2,2,1,1,1,2,2,2,35,-4,45,35,36,35,-3,25,2,3,2,0,0,0,0,1,0,0,0,1,1,1,0,0,0,0,0,0,7,1
1053,1, ,3,3,5,5,4,2,2,2,1,1,1,2,2,21,50,-50,50,50,50,10,20,1,4,2,0,0,0,0,1,0,0,0,1,1,0,0,0,0,0,0,0,3,2
421,2, ,3,1,5,5,2,1,1,1,1,1,1,1,2,20,14,14,13,7,9,13,10,2,3,2,0,1,0,0,0,0,0,0,1,0,0,0,0,0,0,0,0,2,3
854,2, ,2,2,3,5,3,1,1,1,1,1,1,1,2,46,19,43,33,41,50,-26,44,2,5,1,0,0,0,0,1,0,0,0,0,0,1,0,0,0,0,0,0,1,1
921,2, ,3,1,3,5,3,2,2,1,1,1,1,1,2,2,14,-7,23,37,30,-26,27,3,4,3,0,0,0,0,1,0,0,0,1,0,0,0,0,0,0,0,0,2,3
455,1, ,3,1,5,5,4,2,2,2,2,1,2,2,2,-7,8,7,6,4,18,6,23,1,3,2,0,0,0,0,1,0,0,0,1,1,0,0,0,0,0,0,0,5,3
695,2, ,3,1,5,5,4,1,1,2,1,1,2,1,2,19,50,22,45,28,40,19,25,2,4,3,0,0,0,0,1,0,0,0,1,1,1,0,0,0,0,0,0,1,1
1139,2, ,3,1,5,5,4,1,1,2,1,1,1,1,2,25,50,-9,33,37,50,-8,11,1,4,2,0,1,0,0,0,0,0,0,1,0,1,0,0,0,0,0,0,4,2
735,1, ,5,3,5,5,3,2,2,1,1,1,2,1,2,-13,35,-6,24,37,41,-43,-18,2,4,3,0,1,0,0,0,0,0,0,1,1,0,0,0,0,0,0,0,1,2
1319,1, ,3,1,5,5,3,2,2,2,2,2,2,2,2,33,39,30,30,47,34,21,40,2,1,1,0,0,0,0,1,0,0,0,1,1,1,0,0,0,0,0,0,2,1
1044,2, ,3,3,5,5,3,2,1,1,2,2,1,1,2,11,6,-31,36,32,37,-13,-38,2,3,1,0,0,0,0,1,0,0,1,0,0,0,0,0,0,0,0,0,6,2
729,1, ,4,3,5,5,3,2,1,1,1,1,1,1,2,-49,-3,-22,24,2,5,-4,-27,2,2,3,0,0,1,0,1,0,0,0,1,1,0,0,1,0,0,0,0,5,3
1195,2, ,3,3,6,5,4,1,2,1,1,2,1,1,2,-10,50,-10,50,50,50,-10,-10,3,4,3,0,0,0,0,1,0,0,0,1,0,1,0,0,0,0,0,0,4,2
654,1, ,3,1,5,5,5,2,2,1,2,2,2,2,2,43,43,37,43,36,38,43,41,1,3,1,0,1,0,0,0,0,0,0,1,1,0,0,0,0,0,0,0,10,1
624,1, ,4,3,5,5,3,2,1,2,1,1,1,2,2,-11,13,-14,24,18,7,-12,15,2,3,3,0,0,0,0,1,0,0,1,0,0,0,0,0,0,0,0,0,4,3
1508,1, ,4,1,5,5,4,2,1,1,1,1,1,1,2,25,33,21,32,37,33,4,13,2,4,2,0,0,0,0,1,0,0,0,1,1,0,0,0,0,0,0,0,4,1
996,1, ,6,2,4,4,3,2,1,1,1,1,1,1,2,1,50,-20,50,50,50,-50,-16,3,5,3,1,0,0,0,0,0,0,0,1,0,0,0,0,0,0,0,0,2,2
1491,1, ,5,3,3,5,3,2,2,2,1,2,2,2,2,10,50,50,50,50,50,34,35,2,4,3,0,0,0,0,1,0,0,0,1,0,0,0,0,0,0,0,0,5,1
1597,2, ,4,3,5,5,5,2,2,2,1,2,1,2,2,31,15,-19,40,19,40,10,26,2,3,3,0,0,0,0,1,0,0,0,1,1,0,0,0,0,0,0,0,2,2
893,2, ,5,3,6,5,3,2,2,1,1,2,1,1,2,-38,36,-23,48,36,44,15,10,2,4,2,0,0,0,0,1,0,0,0,1,0,0,0,0,0,0,0,0,3,2
1104,2, ,4,3,5,5,3,2,1,1,1,2,1,2,2,35,32,1,49,50,50,42,35,2,3,2,0,0,0,0,1,0,0,0,1,0,0,0,0,0,0,0,0,2,1
1441,2, ,6,3,3,5,3,2,2,1,2,2,2,2,2,14,13,8,11,7,12,18,4,3,3,3,0,0,0,0,1,0,0,0,1,0,0,0,0,0,0,0,0,3,3
1128,2, ,3,3,6,5,3,2,2,1,1,2,2,1,2,11,27,-23,29,36,36,-36,-21,2,3,3,0,0,0,0,1,0,0,0,1,1,0,0,0,0,0,0,0,8,2
371,1, ,2,2,3,4,5,2,1,2,2,2,2,2,2,38,37,47,43,47,49,23,42,1,4,1,0,0,1,0,0,0,0,1,0,0,0,0,0,0,0,0,0,1,1
404,2, ,3,1,5,5,2,2,1,2,1,1,1,1,2,22,27,30,23,16,32,25,38,2,2,3,0,0,0,0,1,0,0,0,1,1,1,0,0,0,0,0,0,1,1
551,1, ,3,1,5,5,4,1,2,2,1,1,2,1,2,3,22,8,27,-1,5,-1,15,2,4,1,0,1,0,0,0,0,0,0,1,1,0,0,0,0,0,0,0,4,3
1769,2, ,2,3,3,5,3,1,2,1,1,1,1,2,2,-23,9,-43,7,24,6,14,21,2,3,2,0,0,0,0,1,0,0,0,1,0,0,0,0,0,0,0,0,4,3
565,2, ,4,1,5,5,3,2,1,1,1,1,2,1,2,48,49,50,47,50,45,48,44,1,3,1,0,0,0,0,1,0,0,0,1,0,0,0,0,0,0,0,0,1,1
1232,2, ,2,1,3,5,1,2,2,2,1,2,1,1,2,-50,30,-46,50,49,30,-21,-41,2,2,3,0,0,0,0,1,0,0,0,0,0,0,0,1,0,0,0,0,1,2
571,1, ,4,1,7,5,7,2,2,2,2,2,2,2,2,20,26,26,14,27,16,37,30,1,1,1,0,0,0,0,1,0,0,0,1,1,1,0,0,0,0,0,0,1,3
2453,2, ,5, ,3,5,3,2,1,1,1,1,1,1,2,46,48,48,49,49,48,48,37,2,2,3,1,0,0,0,0,0,0,0,0,1,0,0,1,0,0,0,0,1,1
637,1, ,3,3,5,5,4,1,1,1,2,2,2,2,2,43,47,47,39,47,43,47,48,1,1,1,0,0,0,0,1,0,0,0,1,1,0,0,0,0,0,0,0,2,1
1220,2, ,2,2,3,4,1,2,2,2,2,1,2,1,2,-50,50,5,50,50,50,-21,-20,2,3,1,0,0,0,0,1,0,0,1,0,0,0,0,0,0,0,0,0,5,2
599,2, ,3,1,6,5,3,2,2,2,2,2,1,1,2,32,46,39,25,24,28,32,22,1,1,1,0,1,0,0,0,0,0,0,1,1,0,0,0,0,0,0,0,1,1
582,1, ,3,1,5,5,3,2,2,2,2,2,2,2,2,15,-8,15,-12,17,17,-11,-16,2,3,2,0,0,0,0,1,0,0,1,0,0,0,0,0,0,0,0,0,1,3
770,2, ,5,3,6,5,4,2,1,1,1,1,2,1,2,13,46,50,45,50,49,-35,-26,1,4,2,0,0,0,0,1,0,0,0,1,0,0,0,0,0,0,0,0,4,2
435,2, ,3,1,5,5,6,2,2,2,2,2,2,2,2,47,50,47,50,47,49,49,50,1,4,2,0,1,0,0,0,0,0,0,1,0,0,0,0,0,0,0,0,2,1
564,1, ,4,3,5,5,4,2,1,2,1,2,1,2,2,35,-17,13,35,26,-17,10,16,2,4,2,0,0,0,0,1,0,0,1,0,0,0,0,0,0,0,0,0,3,3
894,1, ,5,3,6,5,3,1,2,1,1,2,2,1,2,3,21,4,45,22,47,2,2,1,2,1,0,0,0,0,1,0,0,0,1,1,0,0,1,0,0,0,0,5,2
510,2, ,4,2,5,5,7,1,1,1,1,1,1,1,2,42,37,27,45,39,49,39,43,2,5,2,0,0,0,0,1,0,0,0,0,1,1,0,1,0,0,0,0,1,1
1360,2, ,6,3,6,5,3,1,1,2,1,1,1,1,2,14,20,30,32,31,35,19,18,3,4,3,0,0,0,0,1,0,0,1,0,0,0,0,0,0,0,0,0,10,1
748,2, ,2,1,3,5,1,2,2,1,1,1,1,2,2,29,11,-11,6,3,3,7,14,2,3,3,0,0,0,0,1,0,0,0,1,0,0,0,0,0,0,0,0,3,3
1416,2, ,6,3,5,5,3,2,2,1,1,2,1,2,2,30,43,31,31,42,43,28,31,3,4,3,0,0,0,0,1,0,0,0,1,0,0,0,0,0,0,0,0,5,1
1452,2, ,5,3,3,5,3,2,2,1,1,1,1,1,2,-41,49,-45,39,50,50,-34,-50,1,3,1,0,0,0,0,1,0,0,1,0,0,0,0,0,0,0,0,0,5,2
909,1, ,4,3,5,5,3,2,2,1,1,1,1,1,2,27,25,26,46,45,41,-20,-15,3,3,3,0,0,0,0,1,0,0,0,1,1,1,0,0,0,0,0,0,5,2
792,2, ,3,2,3,5,3,2,2,2,1,1,2,2,2,2,50,-15,50,50,50,50,2,2,2,2,0,0,0,0,1,0,0,0,1,0,0,0,1,0,0,0,0,7,2
1526,2, ,4,1,5,5,3,2,1,1,1,1,1,1,2,14,-21,20,1,3,6,27,26,1,4,1,0,0,0,0,1,0,0,1,0,0,0,0,0,0,0,0,0,4,3
1129,2, ,4,2,5,5,5,2,2,2,1,2,2,2,2,22,24,29,33,40,36,32,29,2,4,2,0,0,0,0,1,0,0,0,1,1,1,0,0,0,0,0,0,4,1
2024,2, ,4,3,5,5,3,1,2,1,1,1,1,1,2,-6,41,-35,40,27,31,-43,-37,2,3,2,0,0,0,0,1,0,0,0,1,1,0,0,0,0,0,0,0,5,2
465,1, ,2,2,3,4,2,1,1,2,1,2,2,2,2,34,31,36,22,33,38,39,30,2,4,2,1,0,0,0,0,0,0,1,0,0,0,0,0,0,0,0,0,4,1
647,1, ,4,1,6,5,5,2,2,2,2,1,1,2,2,31,46,35,35,41,40,22,50,2,5,2,0,0,0,0,1,0,0,1,0,0,0,0,0,0,0,0,0,2,1
1184,1, ,3,1,5,5,4,2,1,2,2,1,1,2,2,37,27,25,35,34,19,34,35,1,3,2,0,0,0,0,1,0,0,0,1,1,0,0,0,0,0,0,0,2,1
572,2, ,3,3,6,5,4,2,1,1,1,2,1,1,2,4,15,5,12,14,18,4,-5,2,3,2,0,0,0,0,1,0,0,0,0,1,0,0,1,0,0,0,0,5,3
351,2, ,4,1,5,5,4,2,2,2,2,2,2,2,2,50,44,45,43,43,44,46,45,2,2,3,0,0,0,0,1,0,0,0,1,1,1,0,0,0,0,0,0,1,1
717,1, ,3,1,5,5,4,2,1,1,1,1,1,1,2,8,21,-21,18,26,13,-25,-29,1,4,1,0,1,0,0,0,0,0,0,0,0,0,0,0,0,0,1,0,2,3
507,2, ,5,3,6,5,6,2,1,1,1,1,2,1,2,28,29,28,28,26,29,30,27,2,4,3,0,0,0,0,1,0,0,0,1,1,1,0,0,0,0,0,0,5,1
739,1, ,2,1,5,5,4,2,2,1,1,2,1,2,2,10,5,16,7,10,13,12,12,2,4,2,0,1,0,0,0,0,0,1,0,0,0,0,0,0,0,0,0,2,3
917,2, ,4,3,7,5,3,2,2,1,2,1,1,1,2,45,-6,-2,-9,11,10,16,19,3,4,3,0,0,0,0,1,0,0,0,1,1,0,0,0,0,0,0,0,6,3
979,2, ,4,3,5,5,5,2,1,2,1,1,1,1,2,-28,-17,-24,-23,35,45,-41,-36,2,4,3,0,0,0,0,1,0,0,1,0,0,0,0,0,0,0,0,0,9,3
743,2, ,3,3,3,5,3,1,1,1,1,1,1,1,2,1,25,41,38,20,49,1,8,2,4,2,0,0,0,0,1,0,0,0,1,0,0,0,0,0,0,0,0,2,2
417,1, ,3,1,6,5,4,2,2,2,2,2,2,2,2,46,47,48,47,48,48,48,48,2,1,1,0,1,0,0,0,0,0,0,1,0,0,0,0,0,0,0,0,1,1
619,2, ,3,2,3,4,1,2,1,1,1,1,1,1,2,-30,50,2,50,28,36,21,10,2,1,2,0,0,0,0,1,0,0,0,0,0,0,0,1,0,0,0,0,2,2
701,1, ,3,3,5,5,3,2,2,1,1,1,2,1,2,38,19,30,12,29,32,40,28,1,4,3,0,0,0,0,1,0,0,0,1,1,1,0,0,0,0,0,0,2,1
967,1, ,3,3,5,5,4,2,1,2,1,1,1,1,2,18,31,-32,34,31,31,18,-29,3,3,3,0,0,0,0,1,0,0,0,1,0,1,0,0,0,0,0,0,4,2
693,2, ,2,3,5,5,4,2,2,2,2,2,1,2,2,22,12,13,37,32,33,27,12,2,4,3,0,1,0,0,0,0,0,0,0,0,0,0,1,0,0,0,0,4,1
1115,2, ,6,3,6,5,3,2,1,1,1,2,1,1,2,34,3,1,4,19,16,-6,-8,2,4,3,0,0,0,0,1,0,0,0,1,0,1,0,0,0,0,0,0,3,3
866,2, ,6,3,5,5,3,2,2,2,1,2,1,1,2,1,35,5,13,1,25,2,1,2,4,2,0,0,0,0,1,0,0,0,1,0,0,0,0,0,0,0,0,2,3
774,2, ,5,3,3,5,4,2,2,1,1,2,1,1,2,-5,31,13,33,50,50,4,32,1,4,1,0,0,0,0,1,0,0,0,1,1,1,0,0,0,0,0,0,3,2
604,2, ,3,2,5,4,5,2,2,2,2,2,2,2,2,34,45,42,49,45,42,46,40,2,2,2,0,0,0,0,1,1,0,0,1,1,0,0,0,0,0,0,0,2,1
536,2, ,3,1,5,5,4,2,2,2,2,1,2,2,2,50,-24,50,50,49,50,50,49,1,5,1,0,0,0,0,1,0,0,0,1,1,0,0,0,0,0,0,0,1,1
496,1, ,3,1,5,5,5,2,2,2,2,1,1,2,2,27,35,39,25,33,29,33,29,1,1,1,0,0,0,0,1,0,0,0,1,0,0,0,0,0,0,0,0,1,1
5330,1, ,3,3,5,5,4,2,2,2,2,1,1,2,2,14,20,13,23,33,31,3,-19,2,4,1,0,0,0,0,1,0,0,0,1,1,1,0,0,0,0,0,0,9,2
479,2, ,5,1,5,5,4,2,2,1,2,2,2,1,2,35,31,26,34,36,33,24,34,2,4,3,0,0,0,0,1,0,0,0,1,0,0,0,0,0,0,0,0,3,1
1982,2, ,6,3,7,5,4,2,2,2,1,2,1,1,2,-5,7,-46,28,23,16,-7,-7,2,3,2,0,0,0,0,1,0,0,0,0,1,1,0,1,0,0,0,0,4,3
428,1, ,3,1,3,5,5,2,1,2,1,2,1,1,2,22,35,36,36,30,29,30,30,2,3,3,0,0,0,0,1,0,0,0,1,1,1,0,0,0,0,0,0,1,1
1631,1, ,3,3,5,5,3,2,2,1,1,1,1,1,2,14,26,-20,33,25,19,-28,-12,3,4,3,0,0,0,0,1,0,0,0,1,1,0,0,0,0,0,0,0,2,3
1663,1, ,4,3,6,5,4,2,2,2,1,1,1,1,2,13,-27,19,39,30,41,21,7,1,4,1,0,0,0,0,1,0,0,0,1,1,1,0,0,0,0,0,0,1,3
565,1, ,4,3,6,5,6,2,1,1,1,1,2,2,2,11,20,-29,19,-23,20,-13,-11,1,2,2,0,0,0,0,1,0,0,0,1,1,0,0,0,0,0,0,0,4,3
1571,2, ,4,3,5,5,4,2,2,1,1,2,1,2,2,-10,45,-35,41,34,41,-13,-14,3,3,3,0,0,0,0,1,0,0,0,1,1,0,0,0,0,0,0,0,2,2
2949,2, ,3,3,5,5,4,2,2,2,1,2,2,2,2,19,27,-20,47,48,48,-41,18,1,4,1,0,1,0,0,0,0,0,1,0,0,0,0,0,0,0,0,0,2,2
579,2, ,3,3,6,5,7,2,2,1,1,2,2,2,2,23,35,28,32,37,27,1,23,2,4,2,1,0,1,1,1,0,0,0,1,1,0,0,0,0,0,0,0,2,1
645,2, ,6,1,3,5,5,2,1,1,1,1,1,1,2,49,36,21,17,36,32,40,34,2,4,3,0,0,0,0,1,0,0,0,1,1,0,0,0,0,0,0,0,2,1
1006,2, ,2,3,5,5,3,2,2,1,1,1,1,2,2,-14,50,37,50,30,50,15,11,1,3,1,0,0,0,0,1,0,0,0,0,0,0,0,0,1,0,0,0,2,2
850,2, ,4,3,5,5,6,2,2,1,1,1,1,1,2,15,50,-31,50,50,50,50,-30,2,3,3,0,0,0,0,1,0,0,0,1,0,0,0,0,0,0,0,0,1,2
1998,2, ,3,3,6,5,7,2,2,1,1,1,2,2,2,40,4,32,37,37,40,27,31,1,5,3,0,0,0,0,1,0,0,0,1,1,1,0,0,0,0,0,0,11,1
917,2, ,3,3,5,5,3,2,2,2,1,1,2,2,2,23,50,-16,50,48,42,-20,-18,1,4,2,1,0,0,0,0,0,0,1,0,0,0,0,0,0,0,0,0,1,2
788,2, ,3,1,3,5,2,2,2,1,1,2,1,2,2,14,7,12,14,14,11,19,15,3,2,3,0,0,0,0,1,0,0,0,1,0,0,0,0,0,0,0,0,6,3
425,1, ,3,1,5,5,4,2,2,1,2,2,2,2,2,29,24,30,17,33,40,35,25,1,4,1,0,0,0,0,1,0,0,0,1,0,0,0,0,0,0,0,0,2,1
1214,1, ,5,3,3,5,6,2,1,1,1,1,2,1,2,33,17,14,31,44,50,24,26,1,5,3,0,0,0,0,1,0,0,0,1,0,0,0,0,0,0,0,0,1,1
784,1, ,6,3,5,5,5,2,1,1,1,2,1,2,2,12,-5,-24,8,10,21,11,6,3,4,3,0,0,0,0,1,0,0,0,1,0,0,0,0,0,0,0,0,3,3
718,2, ,4,3,3,5,7,1,1,1,1,1,1,1,2,10,45,-18,38,41,41,-19,-3,2,4,3,0,0,0,0,1,0,0,0,1,1,1,0,0,0,0,0,0,5,2
1276,2, ,4,1,5,5,6,2,2,2,1,2,1,1,2,20,43,-39,50,46,50,-35,10,2,3,2,0,0,0,0,1,0,0,0,1,0,0,0,0,0,0,0,0,3,2
443,2, ,3,1,5,5,4,2,2,1,2,2,2,2,2,19,21,23,-11,24,-9,29,22,2,3,2,0,0,0,0,1,0,0,0,1,1,0,0,0,0,0,0,0,4,3
1447,1, ,3,1,6,5,4,2,2,1,1,2,1,1,2,10,-23,23,-14,-10,12,14,23,2,3,3,0,0,0,0,1,0,0,0,1,0,0,0,0,0,0,0,0,4,3
595,1, ,3,1,5,5,5,1,1,1,1,1,1,1,2,-49,48,-50,47,50,45,43,-50,2,3,2,0,0,0,0,1,0,0,0,1,1,0,0,0,0,0,0,0,4,2
1114,2, ,4,1,5,5,3,2,1,1,1,1,1,1,2,-7,14,-31,18,36,35,-48,-45,2,3,2,0,1,0,0,0,0,0,0,1,0,0,0,0,0,0,0,0,6,2
750,1, ,6,1,7,5,7,2,2,1,1,2,1,1,2,11,30,30,41,48,42,-30,1,2,4,2,0,1,0,0,0,0,0,0,1,0,0,0,0,0,0,0,0,5,2
502,2, ,3,2,6,4,5,2,2,2,2,2,2,2,2,34,34,30,31,35,28,25,39,1,4,1,0,0,0,0,1,0,0,0,1,1,0,0,0,0,0,0,0,1,1
1157,1, ,4,3,5,5,3,2,2,1,1,2,1,1,2,18,40,26,50,50,50,-23,-24,2,2,2,0,0,0,0,1,0,0,0,0,1,0,0,0,0,0,0,0,2,2
1367,2, ,6,1,3,5,4,2,1,1,1,1,1,1,2,-39,1,1,10,1,1,-15,-34,3,3,3,0,0,0,0,1,0,0,0,1,1,0,0,0,0,0,0,0,5,3
2422,2, ,3,3,5,5,6,1,1,2,2,1,1,2,2,8,-30,10,42,29,50,25,9,1,4,2,0,0,0,0,1,0,0,0,1,1,1,0,0,0,0,0,0,2,3
524,2, ,4,3,3,5,5,2,2,1,1,1,1,1,2,-7,-11,-15,-13,23,18,23,25,2,4,3,0,0,0,0,1,0,0,0,1,1,1,0,0,0,0,0,0,5,3
768,2, ,5,3,3,5,3,2,2,1,1,2,2,1,2,30,47,9,47,45,36,-11,6,2,3,2,0,0,0,0,1,0,0,1,0,0,0,0,0,0,0,0,0,1,2
1070,2, ,4,3,5,5,5,2,2,1,1,1,2,1,2,22,19,-26,37,48,50,43,23,3,5,3,0,0,0,0,1,0,0,0,1,1,1,0,0,0,0,0,0,4,2
1176,1, ,6,1,6,5,5,1,2,1,1,2,1,1,2,19,-19,-22,10,27,21,10,-23,1,4,2,0,0,0,0,1,0,0,0,1,0,0,0,0,0,0,0,0,5,3
447,1, ,4,1,5,5,3,2,1,1,1,1,1,1,2,10,34,10,32,25,6,6,15,2,3,2,0,1,0,0,0,0,0,1,0,0,0,0,0,0,0,0,0,5,3
1518,2, ,4,1,7,5,4,1,1,1,1,1,1,1,2,27,7,12,29,41,38,24,14,2,4,3,0,0,0,0,1,0,0,0,1,1,0,0,0,0,0,0,0,3,1
2087,1, ,4,3,5,5,4,1,1,1,1,1,2,1,2,23,-40,27,32,22,35,23,23,1,5,1,0,0,0,0,1,0,0,0,1,1,1,0,0,0,0,0,0,1,3
679,2, ,3,1,5,5,6,2,1,2,2,1,2,2,2,28,32,22,31,25,33,29,24,1,4,1,0,0,0,0,1,0,0,0,1,1,0,0,0,0,0,0,0,1,1
1510,2, ,3,3,5,5,4,2,2,1,1,1,1,1,2,20,20,-10,20,20,45,-40,1,2,4,3,0,0,0,0,1,0,0,0,1,0,0,0,0,0,0,0,0,5,2
1335,2, ,3,2,3,4,3,1,2,1,1,1,1,1,2,-30,50,-38,50,50,50,-50,-29,2,4,3,0,0,1,0,1,0,0,0,1,1,1,0,1,0,0,0,0,1,2
426,1, ,4,1,5,5,4,2,1,1,1,1,2,2,2,46,37,45,25,33,25,40,36,1,1,1,0,0,0,0,1,0,0,0,1,1,0,0,0,0,0,0,0,11,1
811,1, ,3,2,7,5,4,2,2,2,2,1,2,2,2,35,29,30,35,32,27,20,25,2,4,2,0,0,1,0,0,0,0,1,0,0,0,0,0,0,0,0,0,3,1
4061,2, ,4,3,6,5,5,1,1,1,1,2,1,1,2,11,19,11,28,13,24,-24,11,2,4,2,0,0,0,0,1,0,0,0,1,1,0,0,0,0,0,0,0,3,3
1638,2, ,4,3,3,5,3,1,1,1,1,1,1,1,2,27,33,5,35,35,37,-22,-24,2,4,3,0,0,0,0,1,0,0,0,1,1,1,0,0,0,0,0,0,5,2
3140,1, ,3,2,3,5,1,1,2,2,1,1,1,1,2,25,-25,20,15,20,15,-15,15,2,3,3,0,0,0,0,1,0,0,0,0,0,0,0,1,0,0,0,0,3,3
1073,1, ,5,1,6,5,3,2,1,1,1,2,1,1,2,-13,41,-3,40,25,12,-14,-3,2,4,3,0,0,0,0,1,0,0,1,0,0,0,0,0,0,0,0,0,10,2
1294,1, ,5,2,3,4,3,2,2,1,2,1,2,2,2,27,48,44,43,42,47,46,48,2,4,1,0,0,0,0,1,0,0,0,1,1,0,0,0,0,0,0,0,2,1
904,1, ,6,3,5,5,5,2,1,2,1,1,1,2,2,11,18,-38,26,18,29,-1,-1,3,3,3,0,0,0,0,1,0,0,0,1,0,0,0,0,0,0,0,0,11,3
816,1, ,6,3,6,5,3,2,2,1,1,2,2,1,2,42,27,43,43,38,50,16,21,2,4,2,0,0,0,0,1,0,0,1,0,0,0,0,0,0,0,0,0,4,1
1341,1, ,2,2,5,4,2,2,2,2,1,1,1,1,2,50,42,29,30,21,22,22,-7,1,3,2,0,0,0,0,1,0,0,0,0,0,0,0,1,1,0,0,0,1,1
450,2, ,3,2,6,4,6,1,1,2,1,1,1,1,2,41,-42,32,49,39,48,47,48,1,2,3,0,0,1,0,0,0,0,0,1,1,0,0,0,0,0,0,0,2,1
626,1, ,4,1,3,5,3,2,2,2,2,2,2,2,2,22,17,28,11,32,45,41,24,1,4,1,0,0,0,0,1,0,0,0,0,0,0,0,1,0,0,0,0,1,1
1176,2, ,5,3,5,5,5,2,1,2,1,2,1,1,2,8,40,2,41,42,46,1,1,1,3,3,0,0,0,0,1,0,0,0,1,1,1,0,0,0,0,0,0,4,2
1035,2, ,4,1,5,5,3,2,1,1,1,1,1,1,2,37,19,30,37,40,40,44,45,3,3,3,0,0,0,0,1,0,0,0,1,0,0,0,0,0,0,0,0,2,1
807,2, ,2,1,3,5,1,2,2,2,1,1,1,1,2,1,30,1,20,35,33,16,10,2,4,2,0,0,0,0,1,0,0,0,0,0,0,0,1,0,0,0,0,2,2
483,2, ,5,2,5,5,3,2,2,2,2,2,2,2,2,47,47,44,47,40,42,46,45,1,5,2,1,0,0,0,0,0,0,0,0,1,0,0,0,0,0,0,0,2,1
589,1, ,3,1,6,5,3,1,1,1,1,1,1,1,2,23,16,23,28,22,29,19,28,2,3,2,0,0,1,0,0,0,0,1,0,0,0,0,0,0,0,0,0,1,1
477,1, ,3,2,5,5,4,2,1,1,2,2,1,1,2,47,39,39,45,41,39,42,46,1,1,1,0,0,0,0,1,0,0,0,1,1,1,0,1,0,0,0,0,1,1
1173,2, ,3,2,3,5,4,2,2,2,1,2,1,1,2,-35,23,-23,29,22,38,-33,-47,2,4,3,0,0,0,0,1,0,0,0,1,0,0,0,0,0,0,0,0,1,2
2050,2, ,3,3,5,5,5,2,2,1,1,1,1,1,2,11,-18,-24,41,7,7,10,12,1,4,1,0,0,0,0,1,0,0,0,1,0,1,0,0,0,0,0,0,3,3
981,1, ,4,1,5,5,4,2,2,2,2,2,2,2,2,44,39,44,44,40,43,40,46,1,4,2,0,0,0,0,1,0,0,0,1,1,0,0,0,0,0,0,0,2,1
470,2, ,2,2,5,5,3,2,2,2,2,2,2,2,2,50,50,-50,50,50,50,-50,-50,1,4,3,0,0,0,0,1,0,0,0,0,0,0,0,1,0,0,0,0,1,2
615,2, ,4,1,7,5,5,2,1,1,1,1,2,1,2,-5,36,7,18,34,31,-19,9,2,4,3,0,0,0,0,1,0,0,0,1,1,0,0,0,0,0,0,0,2,2
701,2, ,3,3,6,5,3,2,1,1,1,1,2,1,2,38,-26,20,29,37,35,-39,-34,1,4,1,0,0,0,0,1,0,0,0,0,0,1,0,0,0,0,0,0,6,3
487,1, ,3,3,5,5,4,2,1,2,2,2,2,1,2,44,46,43,35,47,43,47,47,1,1,1,0,0,0,0,1,0,0,0,1,1,0,0,0,0,0,0,0,2,1
1305,2, ,6,1,3,5,3,1,1,1,1,1,1,1,2,-31,-3,-21,3,23,22,-10,-7,2,4,2,0,1,0,0,0,0,0,0,1,0,0,0,0,0,0,0,0,3,3
1083,2, ,4,3,5,5,5,2,2,2,2,2,1,1,2,-27,45,0,26,50,50,-41,-41,1,4,1,0,1,0,0,0,0,0,0,0,0,0,0,1,0,0,0,0,9,2
528,1, ,4,1,6,5,4,2,2,2,1,2,1,1,2,33,49,39,48,24,50,48,-26,1,4,3,0,0,0,0,1,0,0,0,1,0,0,0,0,0,0,0,0,1,2
2468,2, ,4,3,5,5,3,2,1,1,1,1,1,2,2,21,17,-26,15,38,26,-40,2,3,4,3,0,0,0,0,1,0,0,0,1,1,1,0,0,0,0,0,0,3,3
931,1, ,4,1,7,5,5,1,1,1,1,1,1,1,2,23,38,33,15,33,39,43,35,1,4,1,0,0,0,0,1,0,0,0,1,1,0,0,0,0,0,0,0,2,1
1451,1, ,5,3,6,5,5,2,2,1,1,2,2,1,2,29,-10,5,29,17,10,14,19,2,4,3,0,0,0,0,1,0,0,0,1,1,0,0,0,0,0,0,0,4,3
848,2, ,3,3,5,5,5,2,1,1,1,1,1,1,2,45,5,-35,50,20,2,-20,22,1,4,1,0,1,0,0,0,0,0,0,1,0,0,0,0,0,0,0,0,4,3
661,1, ,3,1,5,5,4,2,2,2,2,1,2,1,2,-31,40,-32,42,43,43,-33,-11,2,4,3,0,0,0,0,1,0,0,0,1,1,0,0,0,0,0,0,0,3,2
933,1, ,5,1,5,5,4,2,2,2,1,2,2,2,2,41,47,33,44,32,42,29,28,2,3,2,0,1,0,0,0,0,0,0,1,0,0,0,0,0,0,0,0,3,1
1185,2, ,4,2,3,4,2,1,2,2,2,2,2,1,2,46,18,20,39,34,32,1,34,1,4,2,0,1,0,0,0,0,0,0,1,1,0,0,0,0,0,0,0,9,1
527,1, ,3,1,5,5,3,2,2,2,2,1,1,2,2,7,15,18,14,19,14,17,11,1,1,2,0,0,0,0,1,0,0,0,1,0,0,0,0,0,0,0,0,2,3
701,2, ,4,3,3,5,4,2,2,2,1,1,1,1,2,6,15,-16,27,38,30,-23,1,2,3,3,0,0,0,0,1,0,0,0,1,1,0,0,0,0,0,0,0,3,2
1408,2, ,6,3,6,5,4,2,1,1,1,1,1,1,2,47,47,1,45,21,42,32,1,2,3,3,0,0,0,0,1,0,0,0,1,0,1,0,0,0,0,0,0,3,2
1323,1, ,4,3,5,5,4,2,2,2,1,1,1,1,2,1,50,-50,50,50,50,-50,-50,2,3,3,0,0,0,0,1,0,0,0,1,0,0,0,0,0,0,0,0,5,2
740,1, ,3,2,3,4,4,2,1,1,1,1,1,1,2,40,-33,27,11,-28,-32,27,41,2,4,3,0,0,0,0,1,0,0,1,0,0,0,0,0,0,0,0,0,1,3
1604,2, ,3,3,5,5,3,2,1,1,1,1,1,1,2,40,10,30,40,30,30,30,30,1,3,1,0,1,0,0,0,0,0,0,1,0,0,0,0,0,0,0,0,2,1
857,2, ,2,2,3,4,1,2,2,1,1,2,1,1,2,-10,49,-12,38,32,14,3,-2,3,3,3,0,1,0,0,0,0,0,0,0,0,0,0,1,0,0,0,0,1,2
366,2, ,3,2,6,5,4,1,1,1,1,1,1,1,2,21,10,29,14,21,1,30,23,2,4,3,0,0,0,0,1,0,0,1,0,0,0,0,0,0,0,0,0,2,3
2412,2, ,2,2,5,5,3,2,2,1,1,1,1,1,2,12,41,-28,41,39,37,-33,-31,2,4,2,0,0,0,0,1,0,0,0,1,0,0,0,0,0,0,0,0,8,2
1389,2, ,3,3,7,5,4,2,2,2,1,2,2,2,2,30,44,-28,50,31,39,-20,14,1,4,1,0,0,0,0,1,0,0,0,1,0,1,0,0,0,0,0,0,3,2
1188,2, ,3,3,7,5,3,2,2,1,1,2,1,1,2,9,20,-50,24,23,24,-31,-31,2,3,2,0,0,0,0,1,0,0,0,1,0,0,0,0,0,0,0,0,2,2
396,2, ,3,2,5,4,4,2,1,1,2,1,1,1,2,39,40,38,23,34,23,31,27,1,3,2,0,1,0,0,0,0,0,1,0,0,0,0,0,0,0,0,0,3,1
1332,2, ,3,3,6,5,4,1,2,1,2,2,2,2,2,29,30,-21,50,33,47,-14,-10,2,3,3,0,1,0,0,0,0,0,0,1,0,0,0,0,0,0,0,0,6,2
1151,2, ,3,3,6,5,5,1,1,1,2,1,2,2,2,21,19,33,21,12,20,36,19,2,4,1,0,0,0,0,1,0,0,0,0,0,0,0,1,0,0,0,0,1,3
535,1, ,4,2,3,5,3,2,2,1,1,1,1,1,2,23,14,28,25,29,35,29,33,2,4,3,1,0,0,0,0,0,0,1,0,0,0,0,0,0,0,0,0,2,1
8590,2, ,4,2,3,4,3,1,1,1,1,1,1,1,2,8,3,6,2,5,8,3,7,2,3,2,0,0,0,0,1,0,0,0,1,1,0,0,0,0,0,0,0,7,3
905,1, ,4,3,5,5,5,2,2,1,1,1,2,1,2,50,4,50,50,50,50,34,38,2,4,3,0,0,1,0,0,0,0,0,1,1,0,0,0,0,0,0,0,1,1
2142,2, ,3,2,6,4,4,2,1,2,1,2,2,2,2,12,39,8,19,9,33,24,19,2,3,2,0,0,0,0,1,0,0,0,1,1,0,0,0,0,0,0,0,2,3
1044,2, ,3,3,5,5,4,2,2,1,1,1,1,2,2,39,30,41,41,40,39,0,-17,1,3,2,0,1,0,0,0,0,0,0,1,1,0,0,0,0,0,0,0,5,2
1093,2, ,2,1,6,5,6,2,1,1,1,2,2,2,2,30,20,35,28,27,49,37,32,2,5,2,0,1,0,0,0,0,0,0,1,0,0,0,0,0,0,0,0,1,1
1054,2, ,2,1,3,5,7,1,2,1,1,1,1,1,2,-50,50,-50,50,50,50,-50,-50,2,2,3,0,0,0,1,1,0,0,0,1,0,0,0,0,0,0,0,0,9,2
1086,2, ,3,3,5,5,4,2,1,2,2,2,1,2,2,43,46,43,50,48,49,49,41,1,1,1,0,1,0,0,0,0,0,0,1,1,0,0,0,0,0,0,0,1,1
769,2, ,5,2,5,4,7,2,2,1,1,2,1,1,2,-33,-37,-32,-19,16,29,-5,-29,2,5,3,0,0,0,0,1,0,0,0,1,0,0,0,0,0,0,0,0,2,3
1070,2, ,5,2,6,4,3,2,1,2,1,2,2,2,2,19,-23,-15,50,35,50,-7,-23,2,4,1,0,0,0,0,1,0,0,0,0,1,0,0,0,0,0,0,0,3,2
428,2, ,3,1,5,5,3,1,1,1,1,1,1,1,2,20,23,28,29,32,42,34,21,2,3,2,0,1,0,0,0,0,0,0,1,0,0,0,0,0,0,0,0,3,1
1225,2, ,3,1,3,5,1,2,1,1,1,1,1,1,2,8,2,-10,14,24,22,12,11,2,3,2,0,0,0,0,1,0,0,0,0,0,0,0,0,1,0,0,0,2,3
835,2, ,3,3,6,5,3,2,2,1,1,1,1,1,2,12,24,0,12,23,22,-7,2,2,3,3,0,0,0,0,1,0,0,0,1,1,1,0,0,0,0,0,0,2,3
1248,2, ,3,3,5,5,4,1,1,1,1,1,1,1,2,50,28,42,43,14,28,50,47,2,4,3,0,0,0,0,1,0,0,0,1,1,0,0,0,0,0,0,0,4,1
585,2, ,5,3,3,5,5,1,1,1,1,1,2,1,2,9,17,-15,37,15,9,33,-8,2,3,3,0,0,0,0,1,0,0,0,1,1,0,0,0,0,0,0,0,4,3
2315,1, ,3,3,5,5,4,2,2,1,1,1,1,1,2,-20,5,-10,15,10,20,-20,5,2,5,3,0,0,0,0,1,0,0,0,1,0,0,0,0,0,0,1,0,2,3
666,1, ,3,3,5,5,4,2,2,2,2,2,2,2,2,28,26,25,25,25,25,25,24,1,4,1,0,0,0,0,1,0,0,0,1,1,0,0,0,0,0,0,0,2,1
838,2, ,3,1,5,5,4,2,2,1,1,2,1,2,2,2,2,1,3,1,1,1,2,2,2,3,0,1,0,0,0,0,0,0,1,0,0,0,0,0,0,0,0,2,3
344,1, ,2,1,3,5,3,1,1,1,2,2,2,1,2,-6,13,1,2,-26,29,21,-50,2,4,1,0,0,0,0,1,1,0,0,1,0,1,0,1,0,0,0,0,2,3
1217,2, ,6,3,5,5,3,2,1,1,1,1,1,1,2,0,5,-11,0,10,0,0,0,1,4,1,0,0,0,0,1,0,0,1,0,0,0,0,0,0,0,0,0,3,3
2582,1, ,6,3,5,5,5,2,2,1,1,1,2,2,2,-32,15,-32,23,50,50,41,29,2,4,2,0,0,0,0,1,0,0,0,1,0,0,0,0,0,0,0,0,3,2
1118,1, ,4,1,6,5,3,2,1,2,1,1,2,2,2,41,40,41,40,41,40,41,41,1,3,1,0,0,0,0,1,0,0,0,1,1,1,0,0,0,0,0,0,2,1
668,2, ,4,3,3,5,4,1,2,2,1,2,2,1,2,24,-8,15,23,20,33,30,-8,2,4,3,0,0,0,0,1,0,0,0,0,1,0,0,1,0,0,0,0,2,3
3061,1, ,4,3,6,5,5,2,2,2,2,1,1,1,2,30,-23,24,27,29,23,-19,27,1,5,1,0,0,0,0,1,0,0,0,1,1,0,0,0,0,0,0,0,4,3
2470,1, ,6,1,3,5,4,1,1,1,1,1,1,1,2,6,10,28,32,23,33,-12,7,1,4,1,0,0,0,0,1,0,0,0,1,0,0,0,0,0,0,0,0,3,3
451,1, ,4,1,7,5,5,2,2,2,1,2,1,1,2,29,16,22,42,-33,-7,49,38,1,5,3,0,0,0,0,1,0,0,0,1,1,0,0,0,0,0,0,0,1,3
1050,1, ,6,3,5,5,5,2,2,2,2,2,1,2,2,3,35,-24,25,37,20,-30,-6,2,4,3,0,0,0,0,1,0,0,0,1,0,0,0,0,0,0,0,0,4,2
1202,2, ,6,3,5,5,5,1,1,1,1,1,1,1,2,-9,33,1,39,40,40,22,32,2,4,3,0,1,0,0,0,0,0,0,1,1,0,0,0,0,0,0,0,5,2
1437,2, ,3,3,5,5,3,2,1,1,1,1,1,1,2,24,21,21,22,22,23,-20,-1,1,4,2,0,0,0,0,1,0,0,1,0,0,0,0,0,0,0,0,0,3,3
1199,1, ,4,2,5,5,6,2,2,1,1,1,2,1,2,38,35,45,36,39,45,45,12,2,4,2,0,0,1,0,0,0,0,0,1,1,1,0,0,0,0,0,0,2,1
540,2, ,2,2,5,4,1,1,1,1,1,1,1,2,2,25,-8,-1,-11,5,32,42,46,2,3,3,0,0,0,0,1,0,0,0,0,0,1,0,1,0,0,0,0,2,3
762,2, ,3,2,5,4,5,1,1,1,1,2,1,2,2,27,11,10,12,-5,16,22,3,1,4,2,0,0,0,0,1,0,0,0,1,1,0,0,0,0,0,0,0,1,3
991,1, ,3,1,3,5,3,2,2,1,1,2,1,2,2,37,23,35,40,20,13,-10,22,2,2,3,0,0,0,0,1,0,0,0,0,0,0,0,1,0,0,0,0,3,1
1129,1, ,3,3,5,5,3,1,2,1,1,1,1,1,2,14,8,-10,5,7,-10,7,8,2,3,3,0,0,0,0,1,0,0,0,1,1,0,0,0,0,0,0,0,3,3
3553,2, ,6,3,3,5,3,2,2,1,1,1,1,1,2,8,50,-48,50,50,49,25,6,1,4,1,1,0,0,0,0,0,0,0,1,1,0,0,0,0,0,0,0,2,2
1770,2, ,6,3,3,5,4,2,2,1,1,1,1,1,2,0,16,-14,39,39,39,-15,-10,2,4,3,0,0,0,0,1,0,0,0,1,1,1,0,0,0,0,0,0,4,2
1104,1, ,3,2,5,4,4,1,1,1,1,1,1,1,2,10,9,15,8,7,14,11,23,1,4,2,0,0,0,0,1,0,0,0,1,1,1,0,0,0,0,0,0,4,3
511,1, ,3,1,5,5,4,2,1,1,2,2,2,2,2,16,24,15,20,-13,-12,24,38,2,4,2,1,0,0,0,0,0,0,0,1,0,0,0,0,0,0,0,0,2,3
1903,2, ,2,1,3,5,2,2,2,1,1,1,1,2,2,-26,48,-20,29,19,44,-2,-16,2,2,3,0,0,1,0,0,0,0,0,1,0,1,0,1,0,0,0,0,1,2
355,1, ,3,3,5,5,4,2,1,2,2,2,2,2,2,46,47,49,44,48,50,46,46,1,1,1,0,0,0,0,1,0,0,0,1,1,0,0,0,0,0,0,0,2,1
593,2, ,2,1,5,5,3,2,1,1,1,1,2,1,2,42,29,27,21,32,12,23,38,2,4,2,0,0,0,0,1,0,0,0,1,0,0,0,0,0,0,0,0,4,1
1712,2, ,5,3,5,5,5,2,1,1,1,2,1,2,2,48,22,45,47,41,39,6,36,1,3,1,0,1,0,0,0,0,0,0,0,1,0,0,0,0,0,0,0,2,1
1816,2, ,6,3,5,5,4,2,2,1,1,1,1,1,2,25,49,23,17,34,22,-23,11,2,2,3,0,0,0,0,1,0,0,0,0,1,0,0,0,0,0,0,0,4,1
1125,1, ,3,3,5,5,4,1,1,1,1,1,1,1,2,50,-30,30,50,50,50,30,30,1,5,1,0,0,0,0,1,0,0,0,1,1,1,0,0,0,0,0,0,1,1
2013,2, ,3,2,5,5,4,2,2,1,1,2,1,2,2,-31,50,-50,50,50,50,-50,15,2,3,3,0,0,0,0,0,0,1,0,0,0,0,0,1,0,0,0,0,4,2
813,2, ,4,3,5,5,4,2,2,1,2,2,2,2,2,42,48,39,48,24,36,-40,45,2,5,3,1,0,0,0,0,0,0,0,1,1,0,0,0,0,0,0,0,4,1
2814,2, ,4,1,3,5,6,2,2,1,1,1,2,1,2,17,7,14,-6,35,27,-26,-15,2,4,3,0,0,0,0,1,0,0,0,1,1,1,0,0,0,0,0,0,6,3
1301,2, ,3,3,6,5,3,2,1,1,1,1,1,1,2,-35,-7,-47,19,21,28,14,34,2,3,3,0,0,0,0,1,0,0,0,1,1,0,0,0,0,0,0,0,4,3
1053,2, ,3,2,2,4,2,2,2,1,2,1,1,1,2,-2,35,22,39,21,30,-13,7,3,4,2,0,0,0,0,1,0,0,0,1,1,1,0,0,0,0,0,0,2,2
362,2, ,3,1,5,5,3,2,2,2,2,2,2,2,2,12,17,19,19,11,11,10,14,2,4,3,0,0,0,0,1,0,0,0,1,1,0,0,0,0,0,0,0,2,3
1030,2, ,4,1,5,5,4,2,2,2,1,2,2,2,2,50,27,28,50,50,50,22,34,2,4,2,0,0,0,0,1,0,0,0,0,1,0,0,0,0,0,0,0,3,1
1150,1, ,4,3,5,5,5,1,1,1,1,1,1,1,2,38,-39,38,38,38,40,38,41,1,5,1,0,0,0,0,1,0,0,0,1,1,1,0,0,0,0,0,0,1,1
880,2, ,6,3,6,5,4,2,2,2,1,2,1,1,2,5,50,25,50,50,50,-24,-1,2,5,3,0,0,0,0,1,0,0,0,1,1,1,0,0,0,0,0,0,2,2
1754,2, ,6,2,3,5,3,1,1,1,1,1,1,1,2,0,40,-20,40,40,50,20,11,3,4,3,0,0,0,0,1,0,0,0,1,0,0,0,0,0,0,0,0,2,2
940,1, ,3,3,3,5,3,2,1,1,1,1,1,1,2,-12,-14,-19,31,27,-9,25,13,1,3,3,0,0,0,0,1,0,0,0,1,0,0,0,0,0,0,0,0,2,3
1305,2, ,3,3,5,5,4,2,1,1,1,1,1,1,2,38,15,22,14,14,23,4,7,2,4,3,0,0,0,0,1,0,0,0,0,1,1,0,0,0,0,0,0,1,3
972,1, ,4,3,7,5,3,1,2,1,2,1,1,1,2,43,44,40,47,41,43,-30,20,2,2,3,0,0,0,1,1,0,0,0,1,1,1,0,0,0,0,0,0,2,1
1321,2, ,4,3,5,5,3,2,2,1,1,1,1,2,2,18,25,23,36,35,36,2,40,3,3,3,0,0,0,0,1,0,0,0,1,1,0,0,0,0,0,0,0,4,1
892,2, ,4,1,6,5,3,2,1,1,1,1,1,1,2,-30,9,-25,35,21,9,-30,21,2,4,3,0,0,0,0,1,0,0,0,1,0,0,0,0,0,0,0,0,3,3
889,1, ,4,2,5,5,4,2,1,1,1,1,1,1,2,31,-5,30,50,30,24,-12,31,1,4,3,0,0,1,0,0,0,0,0,1,1,0,0,0,0,0,0,0,2,1
962,2, ,3,3,5,5,3,2,1,2,1,1,1,1,2,32,-10,28,26,23,23,25,28,1,4,2,0,1,0,0,0,0,0,0,1,0,0,0,0,0,0,0,0,3,3
5835,1, ,3,3,3,5,5,2,1,2,1,1,1,1,2,17,4,22,40,3,50,-32,10,2,4,2,0,0,0,0,1,0,0,0,1,0,0,0,0,0,0,0,0,2,3
767,1, ,3,1,7,5,6,1,1,2,2,1,1,2,2,43,28,-10,23,33,43,26,38,1,5,1,0,0,0,0,1,0,0,0,1,1,0,0,0,0,0,0,0,2,1
400,1, ,3,1,5,5,6,1,1,1,1,1,1,1,2,28,25,16,18,29,17,39,31,2,5,1,0,0,1,0,0,0,0,0,1,1,1,0,0,0,0,0,0,1,1
1642,2, ,4,1,7,5,7,2,2,2,2,2,2,2,2,49,32,48,48,47,48,49,48,1,1,1,0,0,0,1,0,0,0,0,1,1,0,0,0,0,0,0,0,1,1
1081,2, ,4,2,5,5,3,2,1,2,1,1,1,2,2,50,13,-10,20,50,48,14,35,1,3,2,1,0,0,0,0,0,0,0,0,1,0,0,0,0,0,0,0,1,1
1554,2, ,4,2,4,4,3,1,1,1,1,1,2,1,2,32,32,30,28,32,50,29,26,2,4,2,0,0,0,0,1,0,0,0,1,1,0,0,0,0,0,0,0,1,1
968,2, ,6,2,5,4,3,2,1,1,1,1,1,1,2,4,-21,1,49,49,50,-21,-6,3,3,2,0,0,0,0,1,0,0,0,1,0,0,0,0,0,0,0,0,2,2
1546,2, ,3,3,5,5,5,1,2,2,1,2,1,1,2,34,47,-27,37,47,38,-28,3,1,4,2,0,0,0,0,1,0,0,0,1,1,0,0,0,0,0,0,0,6,2
1708,1, ,6,3,5,5,3,2,2,1,1,2,1,2,2,-23,27,1,29,50,50,1,18,1,3,2,0,1,0,0,0,0,0,1,0,0,0,0,0,0,0,0,0,4,2
949,2, ,2,2,5,4,1,2,2,1,1,1,1,1,2,-50,26,50,-2,50,50,0,9,2,3,2,0,0,0,0,1,0,0,0,0,0,0,0,0,1,0,0,0,3,2
1079,1, ,3,1,5,5,5,2,1,2,1,1,1,2,2,50,39,29,39,7,27,50,12,2,5,2,0,0,0,0,1,0,0,0,1,1,0,0,0,0,0,0,0,1,1
649,1, ,4,1,7,5,4,2,2,2,2,1,2,2,2,46,46,38,45,45,43,45,45,1,5,1,0,0,0,0,1,0,0,0,1,1,0,0,0,0,0,0,0,1,1
744,2, ,4,3,5,5,4,2,1,1,1,1,1,1,2,30,-11,30,42,1,-7,-16,20,2,4,3,0,0,0,0,1,0,0,0,1,1,1,0,0,0,0,0,0,3,3
1731,2, ,4,3,6,5,4,1,1,1,1,1,1,1,2,44,-28,-27,-29,-16,-34,39,29,2,4,3,0,0,0,0,1,0,0,0,1,1,1,0,0,0,0,0,0,1,3
1069,2, ,4,3,3,5,3,2,2,1,1,1,1,1,2,-45,15,0,25,20,9,-14,-4,3,3,3,0,0,0,0,1,0,0,0,0,1,1,0,0,0,0,0,0,4,3
1752,2, ,4,3,6,5,3,2,2,1,1,1,1,1,2,22,48,-44,49,50,50,-26,5,2,4,2,0,0,0,0,1,0,0,1,0,0,0,0,0,0,0,0,0,4,2
1106,1, ,4,3,6,5,5,2,1,2,1,2,2,2,2,42,40,44,44,47,32,35,37,1,1,1,0,0,0,0,1,0,0,0,1,1,0,0,0,0,0,0,0,1,1
5101,2, ,5,1,3,5,3,2,2,1,1,1,1,1,2,8,-4,5,6,-4,2,5,3,2,3,3,0,0,0,0,1,0,0,0,1,1,1,0,0,0,0,0,0,6,3
2031,1, ,3,2,7,4,7,2,1,1,1,1,1,1,2,30,-14,23,18,18,30,16,33,1,5,1,0,0,0,0,1,0,0,0,1,1,1,0,0,0,0,0,0,1,3
338,2, ,4,1,5,5,4,2,1,2,2,1,1,2,2,23,38,25,39,39,31,34,38,1,4,2,0,0,0,0,1,0,0,0,1,0,0,0,0,0,0,0,0,2,1
822,1, ,5,1,6,5,7,2,2,2,2,2,2,2,2,19,50,18,27,28,49,-12,-21,2,4,3,0,0,0,0,1,0,0,0,1,1,1,0,0,0,0,0,0,1,2
1068,1, ,4,1,5,5,5,2,1,1,1,1,1,1,2,25,24,34,12,33,26,26,38,1,4,1,0,0,0,0,1,0,0,0,1,1,1,0,0,0,0,0,0,2,1
686,1, ,4,3,5,5,3,2,2,1,1,2,1,2,2,-37,21,-20,41,21,10,-9,-9,2,4,2,0,0,0,0,1,0,0,0,1,0,0,0,0,0,0,0,0,3,3
903,1, ,4,1,5,5,5,1,1,1,1,1,1,2,2,18,5,10,-4,6,5,-38,-4,2,4,3,0,0,0,0,1,0,0,0,1,1,0,0,0,0,0,0,0,4,3
815,2, ,6,3,3,5,3,1,2,1,1,1,1,1,2,-27,39,-23,20,43,30,-7,-13,3,3,3,0,0,0,0,1,0,0,0,1,0,0,0,0,0,0,0,0,3,2
1449,2, ,3,3,5,5,4,2,2,2,1,1,1,2,2,34,47,41,50,-5,44,-4,41,1,4,1,0,1,0,0,0,0,0,0,1,1,0,0,0,0,0,0,0,3,1
927,2, ,3,1,5,5,3,2,2,1,2,2,1,2,2,50,50,11,50,50,46,32,-37,1,3,1,0,1,0,0,1,0,0,1,0,0,0,0,0,0,0,0,0,4,2
785,2, ,6,3,6,5,4,2,1,1,1,1,1,1,2,-30,35,-5,20,37,25,-24,-16,2,4,3,0,0,0,0,1,0,0,1,0,0,0,0,0,0,0,0,0,3,2
740,2, ,3,1,6,5,3,2,1,1,2,2,2,2,2,50,-32,50,-20,12,38,15,50,2,3,2,0,0,1,0,0,0,0,0,1,1,1,0,0,0,0,0,0,4,3
1249,2, ,2,2,3,4,2,2,1,2,1,1,2,2,2,-21,31,-21,37,-24,38,-28,4,1,4,3,0,0,1,0,0,0,0,0,0,0,0,0,1,0,0,0,0,1,3
579,2, ,4,1,3,5,4,2,2,2,1,1,2,2,2,12,4,-30,30,20,38,8,7,1,4,1,0,0,0,0,1,0,0,0,0,1,1,0,0,0,0,0,0,5,3
356,1, ,4,1,5,5,4,1,1,1,1,1,1,1,2,24,22,19,26,35,25,29,16,2,4,1,0,0,0,0,0,0,1,0,1,0,0,0,0,0,0,0,0,2,1
1506,2, ,3,2,3,5,2,1,2,1,1,2,1,1,2,-10,38,-13,37,36,37,-23,5,2,3,3,0,0,0,0,1,0,0,0,1,0,1,0,0,0,0,0,0,5,2
1663,1, ,3,1,6,5,4,2,2,2,2,1,2,2,2,50,35,39,40,44,37,46,39,1,4,1,0,0,0,0,1,0,0,0,1,1,0,0,1,0,0,0,0,1,1
981,1, ,5,1,5,5,6,2,2,2,2,2,2,2,2,32,34,45,40,46,41,42,31,1,5,2,0,0,0,0,1,0,0,0,1,1,0,0,0,0,0,0,0,1,1
1396,2, ,5,3,5,5,5,2,1,1,1,1,1,1,2,8,-13,21,-21,-22,-2,8,20,2,4,3,0,0,0,0,1,0,0,0,1,1,0,0,0,0,0,0,0,4,3
890,2, ,3,1,6,5,5,1,1,1,1,1,1,1,2,22,-44,-29,-39,30,20,25,34,1,5,2,0,0,0,0,1,0,0,0,1,1,0,0,0,0,0,0,0,1,3
1476,2, ,6,3,5,5,7,2,2,1,1,1,1,1,2,49,-9,-36,50,12,37,13,-14,2,4,3,0,0,0,0,0,0,1,0,1,1,0,0,0,0,0,0,0,4,3
1605,2, ,4,1,6,5,4,1,1,2,1,1,2,2,2,30,-36,38,39,48,37,-13,34,1,4,2,0,0,1,0,0,0,0,0,1,1,1,0,0,0,0,0,0,1,1
1220,1, ,4,3,5,5,4,2,1,1,2,1,2,1,2,31,35,39,29,31,36,27,32,1,4,1,0,0,0,0,1,0,0,0,1,1,0,0,0,0,0,0,0,1,1
2314,1, ,5,3,6,5,5,2,2,1,1,1,1,1,2,1,7,2,35,15,21,-18,6,2,4,3,0,0,0,0,1,0,0,0,1,0,0,0,0,0,0,0,0,3,3
1264,1, ,3,1,5,5,6,2,1,1,1,1,1,1,2,3,-50,42,40,41,33,37,38,1,4,1,0,0,0,0,1,0,0,0,1,1,0,0,0,0,0,0,0,1,3
1745,1, ,3,3,5,5,4,2,2,2,1,1,1,1,2,41,35,30,35,39,41,38,28,1,4,2,0,0,0,0,1,0,0,0,1,1,1,0,0,0,0,0,0,1,1
1593,2, ,5,3,6,5,3,2,2,1,2,1,1,1,2,40,39,-50,50,26,50,-24,-7,2,3,3,0,1,0,0,0,0,0,0,0,1,0,0,0,0,0,0,0,4,2
4239,2, ,4,1,7,5,3,2,1,1,1,1,1,1,2,50,-20,-10,20,20,20,-30,20,1,4,2,0,0,0,0,1,0,0,1,0,0,0,0,0,0,0,0,0,2,3
2137,2, ,2,3,5,5,3,2,2,1,1,1,1,2,2,35,5,-25,20,30,25,15,35,1,4,2,0,0,0,0,1,0,0,0,1,0,0,0,0,0,0,0,0,4,3
7395,1, ,5,3,6,5,3,2,2,2,1,1,1,1,2,-36,31,-36,33,22,35,-25,-16,2,3,2,0,0,0,0,1,0,0,0,1,1,1,0,0,0,0,0,0,4,2
3623,2, ,5,1,3,5,3,1,2,1,1,1,1,1,2,15,38,-8,38,39,42,-21,15,2,3,3,0,0,0,0,1,0,0,0,0,1,1,0,0,0,0,0,0,4,2
1893,2, ,5,3,7,5,5,2,2,2,1,2,1,1,2,0,41,-20,10,30,20,-20,-41,2,4,3,0,0,0,0,1,0,0,1,0,0,0,0,0,0,0,0,0,3,2
8520,2, ,3,3,5,5,3,2,2,2,1,1,2,1,2,47,30,49,49,41,42,49,48,2,2,3,0,1,1,0,0,0,0,0,1,0,0,0,1,0,0,0,0,3,1
1282,1, ,5,3,5,5,5,1,1,1,1,1,2,1,2,35,-21,37,32,38,16,41,42,2,5,2,0,0,0,0,1,0,0,0,1,1,0,0,0,0,0,0,0,1,1
3773,1, ,3,1,5,5,6,2,2,2,2,1,1,1,2,36,10,28,16,26,19,25,36,1,5,3,0,0,0,0,1,0,0,0,1,1,0,0,0,0,0,0,0,1,1
2264,2, ,4,3,3,5,5,2,2,1,1,1,1,1,2,13,1,7,37,-1,37,11,21,1,5,1,0,0,0,0,1,0,0,0,1,1,0,0,0,0,0,0,0,2,3
1147,1, ,6,3,5,5,4,2,1,1,1,1,1,1,2,28,-23,-50,16,29,43,-27,17,2,4,3,0,0,0,0,1,0,0,0,1,0,0,0,0,0,0,0,0,5,3
6978,2, ,6,3,5,5,3,1,2,1,1,1,1,1,2,-35,-2,1,8,35,6,-16,-12,2,4,2,0,0,0,0,1,0,0,1,0,0,0,0,0,0,0,0,0,6,3
7520,2, ,3,1,5,5,6,2,2,2,2,2,2,2,2,50,50,50,50,50,50,50,50,1,4,1,0,0,0,0,1,0,0,0,1,1,0,0,0,0,0,0,0,1,1
1853,2, ,3,3,6,5,4,2,1,2,1,1,1,2,2,35,26,33,29,17,18,34,14,1,4,1,0,0,0,0,1,0,0,0,1,1,1,0,0,0,0,0,0,1,1
1233,1, ,3,1,5,5,3,2,2,2,1,2,1,2,2,13,25,33,47,38,48,43,34,1,2,1,0,0,0,0,1,0,0,0,1,0,0,1,0,1,0,0,0,1,1
2511,1, ,3,2,5,4,2,1,2,2,1,1,1,2,2,40,50,0,50,50,50,26,10,1,4,2,0,0,0,0,1,0,0,0,1,0,0,0,0,0,0,0,0,2,2
579,1, ,3,3,5,5,5,2,2,2,2,2,2,2,2,27,25,27,29,28,28,26,26,1,5,1,0,0,0,0,1,0,0,0,1,1,0,0,0,0,0,0,0,1,1
3101,2, ,4,1,5,5,4,2,1,1,1,1,1,1,2,1,14,1,23,24,29,1,2,2,3,2,0,0,0,0,1,0,0,0,1,0,0,0,0,0,0,0,0,6,3
6066,1, ,4,3,6,5,3,1,1,2,1,1,2,1,2,48,-19,46,49,47,45,45,48,1,4,1,0,0,0,0,1,0,0,0,1,1,1,0,0,0,0,0,0,1,1
754,1, ,3,1,5,5,4,2,1,2,1,1,1,1,2,-5,-6,-4,11,15,2,-2,-10,2,4,2,0,0,0,0,1,0,0,0,1,1,1,0,0,0,0,0,0,1,3
79381,2, ,2,2,5,4,2,1,1,2,2,1,1,1,2,-11,16,7,22,2,8,-16,19,1,4,1,0,0,0,0,1,0,0,0,1,0,0,0,0,0,0,0,0,4,3
1600,1, ,4,3,5,5,4,2,2,2,1,1,2,1,2,26,29,8,36,32,27,21,-6,2,4,2,0,0,0,0,1,0,0,0,1,1,1,0,0,0,0,0,0,2,2
1553,2, ,3,3,6,5,3,2,2,1,1,1,1,1,2,25,41,36,47,40,45,17,-17,2,4,2,0,0,0,0,1,0,0,0,1,0,0,0,0,0,0,0,0,4,2
5576,1, ,3,2,5,5,4,2,2,2,2,1,2,1,2,45,45,44,50,49,50,-30,41,1,4,2,0,1,0,0,0,0,0,0,0,0,1,0,0,1,0,0,0,5,1
801,1, ,4,3,5,5,5,1,1,1,1,1,1,1,2,30,-45,23,36,27,30,30,30,1,5,1,0,0,0,0,1,0,0,0,1,1,1,0,0,0,0,0,0,2,3
2224,2, ,2,2,3,4,1,2,2,2,1,1,1,1,2,20,15,5,50,20,40,-5,-15,1,3,2,0,0,1,0,0,0,0,0,0,0,0,0,1,0,0,0,0,2,2
8779,1, ,4,3,5,5,4,2,2,1,1,1,1,1,2,0,50,-50,50,50,50,-49,-41,1,4,3,0,0,0,0,1,0,0,0,1,0,0,0,0,0,0,0,0,2,2
1421,1, ,3,3,5,5,3,2,2,2,2,2,1,1,2,34,35,24,33,27,10,21,27,1,2,3,0,0,0,0,1,0,0,0,1,1,1,0,0,0,0,0,0,4,1
8389,1, ,4,3,5,5,3,2,2,1,1,1,1,1,2,0,10,30,50,30,50,0,10,2,4,2,0,0,0,0,1,0,0,0,1,0,1,0,0,0,0,0,0,3,2
921,1, ,4,3,5,5,3,2,2,2,2,2,2,2,2,49,-1,34,41,48,43,47,47,1,4,2,0,0,0,0,1,0,0,0,1,1,1,0,0,0,0,0,0,1,1
3946,1, ,4,3,5,5,5,1,1,1,1,1,1,1,2,4,-19,1,10,6,11,18,17,1,4,1,0,0,0,0,1,0,0,0,1,1,1,0,0,0,0,0,0,1,3
803,1, ,4,1,3,5,3,1,1,2,1,1,1,1,2,-31,20,0,21,37,31,-34,-19,3,4,3,0,0,0,0,1,0,0,1,0,0,0,0,0,0,0,0,0,5,2
1822,2, ,2,2,3,4,1,2,2,1,1,1,1,1,2,0,50,10,37,47,50,6,-5,2,2,3,1,0,0,0,0,0,0,0,0,0,0,0,1,0,0,0,0,5,2
1507,3,29,3,3,6,5,4,1,1,1,1,1,2,1,2,-33,17,-2,17,-6,47,-42,-17,2,4,3,0,0,0,0,1,0,0,0,1,0,0,0,0,0,0,0,0,3,3
567,1, ,2,1,5,5,2,1,1,1,1,1,2,2,2,23,-14,-22,21,-22,-24,-22,24,1,3,2,0,0,0,0,1,0,0,1,0,0,0,0,0,0,0,0,0,4,3
748,2, ,5,2,5,5,5,1,1,1,1,1,1,1,2,30,26,28,46,27,23,26,29,1,3,2,0,0,0,0,1,0,0,0,1,1,0,0,0,0,0,0,0,2,1
941,1, ,4,3,5,5,4,2,2,1,1,1,1,2,2,22,33,31,21,46,25,44,40,1,1,1,0,0,0,0,1,0,0,0,1,1,0,0,0,0,0,0,0,1,1
1215,1, ,3,3,5,5,6,2,2,2,1,2,2,2,2,39,41,44,44,42,45,45,44,1,4,1,0,0,0,0,1,0,0,0,1,1,0,0,0,0,0,0,0,7,1
398,1, ,3,3,5,5,3,2,2,2,2,2,2,2,2,37,35,33,37,37,36,37,36,1,5,1,0,0,0,0,1,0,0,0,1,1,0,0,0,0,0,0,0,1,1
1008,2, ,4,1,3,5,2,1,2,1,1,1,1,1,2,39,-41,33,24,32,30,25,46,2,4,3,1,0,1,0,0,0,0,0,0,1,0,0,0,0,0,0,0,2,3
2021,1, ,3,1,5,5,4,2,1,1,1,1,2,1,2,35,32,18,25,34,28,33,39,2,4,2,0,0,0,0,1,0,0,0,1,1,1,0,0,0,0,0,0,1,1
1788,1, ,3,3,5,5,4,1,2,2,1,1,1,1,2,1,-8,1,14,21,14,13,20,1,4,2,0,0,0,0,1,0,0,0,1,1,1,0,0,0,0,0,0,2,3
2427,1, ,4,2,7,5,5,2,2,2,1,1,1,1,2,33,-26,25,34,30,32,22,35,1,4,1,0,0,0,0,1,0,0,0,1,1,0,0,0,0,0,0,0,2,3
1400,1, ,3,2,5,4,7,1,2,2,1,1,2,2,2,50,49,50,50,50,50,49,50,1,4,1,0,0,0,0,1,0,0,0,1,1,0,0,0,0,0,0,0,1,1
3208,1, ,4,1,5,5,3,1,1,1,1,1,1,1,2,38,37,34,34,34,38,37,30,1,3,1,0,0,0,0,0,1,0,0,1,1,0,0,0,0,0,0,0,2,1
2444,1, ,4,3,7,5,5,2,2,1,1,1,1,1,2,30,15,5,35,40,40,-10,10,2,4,2,0,0,0,0,1,0,0,0,1,1,1,0,0,0,0,0,0,3,2
701,2, ,2,2,3,4,1,2,1,1,1,2,1,2,2,27,-7,17,31,-22,-12,8,9,2,1,2,0,0,1,0,0,0,0,0,0,0,0,0,1,0,0,0,0,2,3
679,1, ,6,2,2,4,1,2,1,1,1,2,1,2,2,48,47,49,48,49,44,46,42,2,3,2,0,0,0,0,1,0,0,1,0,0,0,0,0,0,0,0,0,1,1
1231,1, ,5,3,5,5,3,2,2,1,1,2,1,1,2,-22,28,4,13,13,27,-30,14,2,3,3,0,0,0,0,1,0,0,0,1,1,0,0,0,0,0,0,0,4,3
2617,1, ,3,1,5,5,3,2,2,2,2,1,2,1,2,42,38,39,8,32,23,42,30,1,3,2,1,0,0,0,0,0,0,0,1,0,0,0,0,0,0,0,0,2,1
829,1, ,3,3,5,5,4,1,1,1,1,1,1,1,2,23,-9,16,25,15,-5,-4,22,1,4,1,0,0,0,0,1,0,0,0,1,1,0,0,0,0,0,0,0,2,3
13556,2, ,3,3,6,5,3,1,2,1,1,1,1,1,2,-39,29,33,40,41,48,14,22,1,5,2,0,1,0,0,0,0,0,1,0,0,0,0,0,0,0,0,0,3,2
469,1, ,5,1,5,5,5,2,2,1,1,1,2,1,2,-9,-37,-37,19,25,50,-35,-10,1,5,3,0,0,0,0,1,0,0,0,1,0,0,0,0,0,0,0,0,5,3
375,1, ,3,1,5,5,3,2,2,1,2,1,2,2,2,29,32,31,31,32,34,32,29,1,5,1,0,0,0,0,1,0,0,0,1,1,0,0,0,0,0,0,0,1,1
8978,2, ,5,1,6,5,4,2,2,2,1,2,2,2,2,-44,45,-44,44,46,46,-41,-37,2,4,3,0,0,0,0,1,0,0,1,0,0,0,0,0,0,0,0,0,3,2
2173,2, ,4,3,5,5,5,1,1,1,1,1,1,1,2,0,40,-22,1,50,50,1,-32,1,3,1,0,0,0,0,1,0,0,0,1,0,0,0,0,0,0,0,0,1,2
1551,1, ,3,2,5,5,3,1,2,1,1,1,1,1,2,5,35,17,35,13,36,1,4,1,4,1,0,0,0,0,1,0,0,0,1,1,0,0,0,0,0,0,0,1,2
1956,2, ,4,3,5,5,3,2,1,2,1,1,1,1,2,27,2,3,46,39,50,-10,34,2,4,3,0,0,0,0,1,0,0,0,1,1,1,0,0,0,0,0,0,2,1
1790,1, ,6,1,5,5,5,2,1,1,1,1,1,1,2,-20,20,-20,20,50,50,-20,-30,1,4,3,0,1,0,0,0,0,0,1,0,0,0,0,0,0,0,0,0,3,2
6440,1, ,6,3,5,5,6,1,2,1,1,1,1,1,2,13,-6,-22,-19,-12,-11,24,41,3,5,3,0,0,0,0,1,0,0,0,1,0,0,0,0,0,0,0,0,1,3
636,1, ,3,1,5,5,3,1,1,1,1,1,1,1,2,24,21,28,27,28,24,27,24,1,4,1,0,0,0,0,1,0,0,0,1,0,0,0,0,0,0,0,0,2,1
782,1, ,3,3,5,5,4,1,1,2,1,2,1,2,2,14,23,29,43,-3,31,42,14,1,4,3,0,0,0,0,1,0,0,0,1,1,0,0,0,0,0,0,0,1,3
17070,2, ,5,1,5,5,3,2,1,1,1,1,1,1,2,47,-7,-8,12,-6,50,-8,10,2,5,3,0,0,0,0,1,0,0,0,1,1,1,0,0,0,0,0,0,2,3
1440,2, ,5,3,5,5,5,1,1,1,1,1,1,1,2,37,3,37,37,31,36,38,40,1,4,1,0,0,0,0,1,0,0,0,1,1,1,0,0,0,0,0,0,1,1
1388,1, ,6,3,5,5,3,2,2,1,1,2,2,1,2,-15,20,15,25,25,25,0,-15,1,4,3,0,0,0,0,1,0,0,0,1,0,1,0,0,0,0,0,0,2,3
574,2, ,2,2,2,4,2,2,2,1,1,1,1,1,2,-10,21,20,5,44,43,5,0,1,3,3,0,0,1,0,0,0,0,0,0,0,0,0,1,0,0,0,0,1,2
416,1, ,4,3,5,5,4,2,2,2,2,2,2,2,2,47,35,34,34,27,37,22,18,2,4,3,1,0,0,0,0,0,0,1,0,0,0,0,0,0,0,0,0,5,1
2364,1, ,3,3,5,5,3,2,2,2,2,1,2,2,2,37,38,36,33,35,35,36,35,1,4,1,0,0,0,0,1,0,0,0,1,1,1,0,0,0,0,0,0,2,1
1638,2, ,3,3,5,5,4,1,1,1,1,1,1,1,2,25,-13,-5,15,25,40,8,28,2,4,3,0,0,0,0,1,0,0,0,1,1,1,0,0,0,0,0,0,1,3
2180,1, ,3,3,7,5,6,1,1,1,1,1,1,1,2,30,-25,18,15,25,31,36,16,1,4,1,0,0,0,0,0,0,1,0,1,1,0,0,0,0,0,0,0,2,3
942,1, ,4,3,5,5,5,1,1,1,1,1,1,1,2,9,8,-11,-7,-1,-9,-8,5,1,4,1,0,1,0,0,0,0,0,1,0,0,0,0,0,0,0,0,0,3,3
1166,1, ,6,3,5,5,3,2,2,2,2,2,2,1,2,13,-10,26,42,-11,19,14,15,1,3,2,0,1,0,0,0,0,0,1,0,0,0,0,0,0,0,0,0,4,3
1890,2, ,5,2,2,4,1,2,2,1,1,1,2,2,2,39,16,22,15,32,44,21,29,1,3,2,0,0,1,0,0,0,0,0,0,1,1,0,0,0,0,0,0,1,1
707,1, ,3,3,5,5,4,2,1,2,1,2,1,1,2,45,42,40,49,47,44,43,40,1,4,3,0,0,0,0,1,0,0,0,1,1,0,0,0,0,0,0,0,1,1
2023,1, ,6,3,5,5,3,2,1,1,1,1,1,1,2,10,10,-15,40,15,50,-40,-10,3,4,3,0,0,0,0,1,0,0,0,1,0,1,0,0,0,0,0,0,5,2
548,2, ,4,3,5,5,6,2,2,1,1,2,2,2,2,36,39,34,34,41,39,40,34,1,4,2,0,0,0,0,1,0,0,0,1,1,0,0,0,0,0,0,0,1,1
1886,2, ,3,1,5,5,2,1,2,1,1,1,1,2,2,-27,3,1,15,20,10,-20,-29,2,3,2,0,0,0,0,1,0,0,0,0,0,1,0,0,0,0,0,0,2,3
1161,1, ,2,1,5,5,3,2,1,1,2,2,1,2,2,42,31,48,33,38,33,21,34,1,1,2,0,0,0,0,1,0,0,1,0,0,0,0,0,0,0,0,0,4,1
2111,2, ,2,2,2,4,1,2,1,1,1,1,1,1,2,10,18,9,7,27,-28,-39,-25,1,3,2,0,0,1,0,0,0,0,0,0,0,0,0,1,0,0,0,0,4,3
1500,2, ,3,1,5,5,4,2,2,1,2,2,2,2,2,28,11,19,33,22,23,27,16,1,4,3,0,0,0,0,1,0,0,0,1,1,0,0,0,0,0,0,0,2,3
1970,2, ,2,2,3,4,1,2,1,1,1,1,1,1,2,1,25,-35,20,15,25,20,25,3,4,2,0,0,0,0,1,0,0,0,1,1,1,0,1,0,0,0,0,6,3
376,1, ,3,1,5,5,3,2,2,2,2,2,2,2,2,33,31,43,13,19,18,30,37,2,1,1,0,0,0,0,1,0,0,0,1,1,0,0,0,0,0,0,0,1,1
2582,1, ,4,1,5,5,5,2,1,1,1,2,2,2,2,39,21,25,42,46,50,43,34,2,4,3,0,0,0,0,1,0,0,0,1,1,1,0,0,0,0,0,0,1,1
1269,2, ,2,2,3,4,3,1,2,1,1,1,1,1,2,24,5,0,30,34,10,-19,34,1,4,2,0,0,0,0,1,0,0,0,0,0,0,0,1,0,0,0,0,2,3
616,1, ,3,3,5,5,3,2,2,2,1,2,1,2,2,-5,-5,-4,-4,-6,-5,-5,-9,1,4,2,0,0,0,0,1,0,0,0,1,0,0,0,0,0,0,0,0,4,3
1319,1, ,5,3,5,5,4,2,2,1,1,1,2,1,2,11,18,1,32,41,32,1,10,2,4,3,0,0,0,0,1,0,0,0,0,1,0,0,0,0,0,0,0,2,2
402,2, ,5,1,5,5,3,2,1,2,1,2,2,1,2,32,36,36,37,39,36,33,39,2,5,3,1,0,0,0,0,0,0,0,0,1,0,0,0,0,0,0,0,1,1
1275,1, ,2,2,3,4,1,2,2,1,1,1,1,2,2,15,17,15,19,17,20,22,-7,2,2,2,0,1,0,0,0,0,0,0,0,0,0,0,1,0,0,0,0,2,3
553,2, ,2,2,2,4,1,1,2,2,1,2,2,2,2,22,26,27,11,21,7,35,34,2,3,2,0,0,0,0,1,0,0,0,1,0,0,0,1,0,0,0,0,1,3
6409,2, ,3,2,5,4,4,2,1,2,1,1,1,2,2,39,32,33,41,40,34,34,32,1,4,1,0,0,0,0,1,0,0,0,1,1,0,0,0,0,0,0,0,1,1
1237,2, ,2,2,3,4,2,2,1,1,1,1,1,2,2,20,-5,15,50,20,20,-5,35,2,3,2,0,0,1,0,0,0,0,0,1,0,1,0,0,0,0,0,0,4,3
835,1, ,2,2,3,4,1,1,1,1,1,1,1,1,2,33,27,25,-10,-7,25,18,-11,2,2,2,1,0,0,0,0,0,0,1,0,0,0,0,0,0,0,0,0,2,3
1755,2, ,2,2,3,4,1,2,2,1,1,1,1,1,2,30,-30,-50,50,29,50,-10,-10,2,2,2,1,0,0,0,0,0,0,0,0,0,0,0,1,0,0,0,0,5,3
2153,1, ,3,2,5,4,4,2,1,2,1,1,1,1,2,30,31,41,31,43,35,35,31,1,5,2,0,0,0,0,1,0,0,0,1,1,1,0,0,0,0,0,0,1,1
462,2, ,2,2,5,4,4,2,2,2,1,2,2,1,2,28,31,30,31,20,34,31,24,2,3,2,0,1,0,0,0,0,0,0,0,0,1,0,1,0,0,0,0,3,1
1235,2, ,3,2,3,4,2,2,2,1,2,2,1,2,2,6,1,4,5,4,8,5,3,1,3,2,1,0,0,0,0,0,0,0,0,0,0,0,1,0,0,0,0,4,3
354,2, ,3,2,3,4,2,2,2,2,1,2,1,1,2,10,31,30,18,14,20,11,25,1,4,3,0,0,0,0,1,0,0,0,1,0,0,0,0,0,0,0,0,1,3
1533,2, ,2,2,3,4,1,2,1,1,1,1,2,1,2,25,21,0,-14,9,22,20,25,2,4,3,0,1,0,0,0,0,0,0,0,0,1,0,1,0,0,0,0,7,3
867,1, ,3,2,5,4,3,2,2,2,1,1,1,2,2,39,38,32,35,36,38,29,31,1,4,2,0,0,0,0,1,0,0,0,1,0,0,0,0,0,0,0,0,4,1
1699,2, ,5,2,3,4,3,2,2,1,1,1,1,1,2,5,40,11,10,50,50,-20,-10,2,4,3,0,0,0,0,1,0,0,0,0,1,1,0,0,0,0,0,0,3,2
1121,2, ,2,2,2,4,5,2,1,2,1,1,1,2,2,-8,31,-41,50,28,50,-34,-38,2,1,3,0,0,0,0,1,0,0,0,0,0,0,0,1,0,0,0,0,10,2
843,1, ,4,2,5,4,1,2,2,2,2,1,1,2,2,-21,9,-18,1,26,37,-26,-26,2,4,3,0,1,0,0,0,0,0,0,1,1,0,0,0,0,0,0,0,5,3
712,2, ,3,2,5,4,2,2,1,1,1,1,1,1,2,-26,22,1,27,13,22,-30,12,1,2,2,0,0,0,0,1,0,0,0,0,0,0,0,0,1,0,0,0,4,3
1696,2, ,4,2,3,4,4,1,1,1,1,1,1,1,2,27,25,25,23,28,27,26,20,2,4,3,0,1,0,0,0,0,0,0,1,1,0,0,0,0,0,0,0,2,1
2169,2, ,2,2,3,4,1,2,1,1,1,1,1,2,2,10,20,0,30,50,40,-50,-25,2,3,3,0,0,0,0,1,0,0,0,0,0,0,0,1,0,0,0,0,4,2
