Cluster_4,FAC1_8,FAC1_9,FAC1_10
3,1.87380433737497,1.30585840845312,1.79416127339467
3,2.01824795225632,1.48475161028767,1.79416127339467
3,0.859061891288897,1.48475161028767,0.560221437027999
3,1.2827474573958,0.252310984796735,1.10744557104319
3,0.518675995770414,0.86660774210064,0.167304622064443
4,-0.00584139365362846,0.691561651149216,-1.19590362662039
2,1.02122457954488,0.0772648938453108,1.5677253310634
3,1.10280489489936,1.21612369106821,0.891232784730044
3,0.280041767798822,0.337622358363243,0.249137418050364
3,1.39561603720204,0.691561651149216,1.07023311072907
3,0.669760820878656,0.955766226550274,0.744333341036083
3,1.2204576991156,1.1308123175017,1.38872500506438
1,0.223147555780826,0.0734177829621849,-0.225612192899112
3,0.398592664490605,0.431204186631284,0.254248996059425
3,-0.382278026279669,0.337622358363243,1.61004936938658
3,0.374519151512402,0.951919115667148,0.338897072705791
4,-1.11091007264971,0.252310984796735,-1.05411576093549
2,0.756697633383728,-0.626190347908229,1.16458536008172
1,-0.430199082478552,0.0772648938453108,0.0329246317372177
1,-0.0795956356823279,-0.626190347908229,-0.051723444909149
4,-1.4930898230271,-0.626190347908229,-1.54931168392121
3,0.243644727708185,1.04165383305206,1.20461310105629
3,1.13859061313779,0.785143479417258,1.29155747505127
1,-0.584861517143703,-0.272251055122255,0.704305600061514
1,-0.185823005261675,-0.0080464797211975,0.341193370054407
1,-0.229148026202544,0.5209389040162,0.259360574068485
3,0.67004759150199,0.773025913832599,0.669908420407837
1,0.047989217694381,0.166999611230226,-0.091232202571887
3,0.628540507266417,0.776873024715725,0.296573034382608
1,-1.0609060608764,-0.272251055122255,-0.359992183226338
1,-0.519280919929927,-0.365832883390297,-0.494372173553563
3,0.17318132461306,0.427357075748158,0.756852794402819
3,1.10672880743935,0.951919115667148,0.831277715031064
3,0.555972396842663,0.776873024715725,1.61516094739564
3,1.13137586166422,0.158729156528693,1.61004936938658
1,-0.284835623367456,0.34204570218165,0.199405504369506
3,-0.103382378037196,0.870454852983766,0.217036535745302
1,-0.296261058004346,-0.272251055122255,-0.549215665243482
1,-0.251116831852116,-0.357562428688764,0.617361226066533
4,-0.506285270099468,-0.0080464797211975,-1.41493169359398
1,-0.915315363501715,-0.272251055122255,-0.591539703566666
1,-0.698936711803031,-0.626190347908229,-0.365103761235398
1,0.0756998725892395,-0.537031863458595,1.02279749439682
1,-0.330899693749436,0.166999611230226,-0.598947578924341
2,0.453380900673906,-0.797389327976527,0.930741542392782
3,1.49344379220894,1.57006298385418,0.786657379359266
1,0.268291781933056,-0.183092570672621,0.672204717756452
3,-0.176177726724537,1.04107760011678,1.07023311072907
1,-0.224039250563674,-0.26840394423913,-0.322779722912215
4,-1.48616184217687,0.5209389040162,-0.188399732584989
3,0.200280657655708,0.247887640978327,0.378405830368529
1,-0.440704672885692,0.158729156528693,-0.0642428982758848
3,2.01103320078275,1.48475161028767,1.83648531171785
1,-1.35586095961932,-1.85863097339917,-1.63395976056758
3,0.0922731319766077,0.862760631217514,-0.108863233947683
3,1.65685214442962,0.785143479417258,0.351416526072527
2,0.691403806793287,-0.887124045361442,1.02279749439682
1,-1.06333658793997,-0.0118935906043234,0.0175898977100364
1,-0.0606308983429956,-0.447297146073679,0.077544967409016
3,1.03536731186868,0.162576267411819,1.38361342705532
1,-0.289333077154115,-0.186939681555747,-0.536696211876747
3,0.549964260222182,0.512668449314667,0.659685264389716
1,-0.570432014196572,-0.101628307989239,0.575037187743349
1,-0.46449141524056,-0.272251055122255,0.303980909740284
1,0.235184312269927,-0.626190347908229,0.174712497422119
2,0.546673421288607,-0.894818267127694,0.654573686380656
2,1.34746774273957,-0.0163169344227305,1.38361342705532
What you want to buy?,,,
It is so important to understand before go shipping.,4,2,3
3,-0.310976063068746,1.1308123175017,0.177527778082564
1,-0.952038223327295,-0.988400095395735,-0.917439473259651
1,-0.619153849905712,-0.357562428688764,0.440657197416124
3,1.36069063083362,0.691561651149216,1.35662412275931
1,-0.399197588650118,-0.442873802255272,-0.0568350229182094
2,1.10548314347466,-0.894818267127694,1.39613288042205
1,0.185851154708577,-0.178669226854214,0.477869657730247
4,-1.13198078582373,-0.097781197106113,-0.954651933573774
1,-0.729018361401714,0.528633125782451,-0.19862288860311
3,0.642970010213548,0.68771454026609,0.296573034382608
1,-0.802100480712391,-0.537031863458595,0.440657197416124
1,-0.0636349666532362,-0.0080464797211975,0.385813705726205
3,0.922785502685771,0.691561651149216,1.75183723507149
3,0.931570469352905,0.687138307330809,0.664796842398776
1,-0.866820766056164,-0.358138661624045,-0.536696211876747
4,-0.922816885598615,-0.101628307989239,-0.728215991242506
4,-0.873175205659726,-0.711501721474737,-1.54190380856353
3,0.769060209607772,0.948072004784023,0.804288410735062
1,-0.547565116071454,-0.537031863458595,0.211924957736241
1,0.333012067276829,-0.357562428688764,0.751741216393758
3,0.893354224050905,0.512668449314667,0.946076276419963
4,-0.855070780190397,0.0778411267805921,-0.770540029565689
1,-0.729018361401714,-0.442873802255272,-0.370215339244459
4,-0.227615591614517,1.57006298385418,-0.790467358290101
3,1.3618972456867,0.25615809567986,1.51799341738254
4,-2.01913964703917,-2.11456509409869,-1.86039570289884
2,0.244217000448787,-0.894818267127694,0.83868559038874
1,0.257786191525915,-0.805083549742779,0.428137744049388
1,-0.714875629077918,-0.0080464797211975,-0.0568350229182094
1,-0.298690316561852,0.594132711998049,-0.163706725637602
1,-0.584861517143703,-0.26840394423913,0.336081792045346
1,-0.880676727756626,-0.0118935906043234,-0.0591313202668244
2,0.928566401042664,-0.890971156244568,0.562517734376614
3,0.914710439342202,0.252310984796735,0.227259691763423
1,-0.786772885289715,-0.626190347908229,-0.641271617247524
2,0.743800565024624,-0.55299653992638,0.58014876575241
3,1.69114447719163,1.03723048923366,0.848908746406861
1,-1.22735626201286,-0.357562428688764,0.119869005732199
1,-1.13016284911844,-0.447297146073679,-0.278159387240417
1,-0.0798824063056624,-0.0124698235396046,0.8437971683978
3,0.0109795872454667,0.337622358363243,0.96565770535829
4,-1.26949641985485,-0.809506893561186,-1.18849575126272
3,0.561427475464614,0.247887640978327,-0.200919185951725
2,0.725696139555295,-0.455567600775212,0.764260669760494
2,1.12387433956732,-0.357562428688764,1.11485344640087
1,-0.289333077154115,-0.0080464797211975,-0.45204813523038
1,-0.667648447351263,-0.617919893206696,-1.19871890728084
1,-1.19756138303751,-0.894818267127694,-0.148890974922251
1,0.3074061197106,-0.26840394423913,0.438360900067509
1,-0.671511559025441,-0.62676658084351,-1.23822766494358
3,1.14465828211801,-0.0157407014874492,0.739221763027022
1,-0.0937383680061245,-0.272827288057537,0.893529082078659
3,0.974608719670439,-0.0163169344227305,0.831277715031064
1,-0.159356745825442,-1.15902284252875,0.433249322058449
3,0.508457175986608,0.345892813064776,0.881009628711923
1,-0.549038018299734,-2.03752417523372,-0.472494447266621
1,0.273113786948591,-0.79296598415812,0.470461782372571
3,2.16240479651433,0.687138307330809,1.92854126372189
4,-1.11841159474661,0.788990590300383,-0.685891952919323
2,0.253515976002843,-0.707654610591611,1.12507660241899
4,-0.850021536911274,0.431204186631284,-1.77574762625248
1,-0.298019462349895,0.1631525003471,0.117053725071754
1,0.0717759600492489,-0.894818267127694,-0.19862288860311
3,1.00321873554691,0.0651473282606519,0.473277063033017
Yet that way my persobal information is reach of any one,2,2,5
1,-0.803957466529293,-0.52818517582178,-1.15409857160904
3,0.518102454523745,1.48475161028767,0.157081466046322
1,-0.873175205659726,0.0778411267805921,-0.00939940658596566
1,-1.13555839538064,-0.357562428688764,-0.148890974922251
4,-0.908674153274819,-0.0080464797211975,-0.862595981569731
1,-0.980609190092157,-0.178669226854214,-0.596651281575726
1,-0.00823414011165849,-0.357562428688764,0.667093139747391
1,0.220143487470585,0.166999611230226,-0.0568350229182094
1,-0.145176232896104,-0.715348832357863,1.11485344640087
1,-1.35614773024265,-0.61407278232357,-0.3204834255636
3,-0.0314473412198574,0.781296368534132,0.259360574068485
2,0.914423668718867,-0.186939681555747,0.881009628711923
4,-1.28335238155531,0.252310984796735,-1.86780357825652
2,0.645972810017722,-0.980129640694202,0.445768775425184
3,1.26349594943313,0.597979822881175,1.19950152304723
1,-0.000445847391423955,-0.532608519640188,0.211924957736241
1,0.144284538113256,-0.0080464797211975,0.358824401430203
1,-0.144602691649435,0.345892813064776,-0.340410754288011
1,-0.577646765670138,-0.26840394423913,-0.768243732217074
4,-0.691435189706131,0.435627530449691,-0.501780048911239
1,-0.707336326375476,-0.186939681555747,-0.504595329571684
1,-0.316697429065892,-0.0080464797211975,0.0227014757190969
1,0.141606289537958,-0.549149429043254,-0.140964116252746
Block slot of things that dont need to be there.,None really,1,1
4,-0.815956442412853,0.265004783316675,-0.947244058216098
4,-0.592076268617269,-0.0080464797211975,-0.996975971896957
1,-0.493674972363698,-0.186939681555747,-0.148890974922251
2,1.26292240818646,-0.0933578532877058,0.612249648057472
1,-0.433489921412126,-0.186939681555747,-0.414835674916257
3,0.0717759600492489,0.349739923947902,0.25654529340804
3,0.629114048513085,0.520362671080918,-0.151187272270867
1,-0.874322288153064,-0.0080464797211975,0.0673218113908952
2,0.724835827685292,-1.1513286207625,0.8437971683978
3,1.31675301953447,1.1308123175017,1.12507660241899
1,-0.361268113971454,0.0855353485468438,-0.101455358590008
2,1.09287284573889,-0.113169640638616,1.11996502440993
1,-0.296261058004346,-0.0278582670721081,0.664796842398776
1,-0.289333077154115,-0.349291973987231,0.569925609734289
4,-1.26017696105265,-0.0933578532877058,-0.78076318558381
1,-0.584861517143703,-0.903088721829227,-0.651494773265645
3,1.20359766910489,0.870454852983766,1.16458536008172
1,-0.889422645312152,-0.0036231359027904,-0.275344106579971
1,0.609862540550419,-0.451720489892086,0.438360900067509
1,-0.118996744083206,-1.15075238782722,0.525305274062491
1,0.446740958953075,-0.626190347908229,0.482981235739307
1,-1.4864486128002,0.0772648938453108,0.142611615117056
2,1.12387433956732,-2.13995269113857,0.888417504069599
1,-1.36336248171622,-1.85863097339917,-0.736142849912012
,,,
I just dont like stupid stuff,2,2,6
2,0.842201861278195,-0.276674398940663,0.788953676707881
3,-1.0085470832506,0.960189570368681,0.455991931443305
1,-0.178895024411444,-1.41938030704668,0.0278130537281573
1,-0.729018361401714,0.0772648938453108,0.211924957736241
2,0.902673682853101,-1.16344618634716,1.07023311072907
1,-0.433489921412126,-0.272251055122255,0.385813705726205
4,-1.55838364961754,0.252310984796735,-1.37031135792219
1,0.155709972750147,-0.109322529755491,0.341193370054407
1,0.216219574930595,-0.715925065293144,0.353712823421142
3,0.504533263446617,0.426780842812877,0.90375223809678
4,-0.303189038854578,0.776873024715725,-1.3726076552708
1,-1.38265177028443,-0.165975428334274,0.114757427723139
1,-0.0895276848427995,0.252310984796735,0.353712823421142
1,-1.29839320635465,-0.532608519640188,-0.0940474832323323
1,-0.829524364983915,0.252310984796735,0.604841772699797
2,1.50605408994471,-0.28109774275907,1.33388151337446
it's a very innovative idea,there will always be an innovative thinking,4,2
1,-0.137961481422539,-0.0118935906043234,0.396036861744326
1,-0.831954892047486,-0.622343237025103,0.0701370920513406
4,-1.03954857707904,0.252310984796735,-1.78315550161015
3,0.689910421316868,0.147187823879316,0.761964372411879
1,-0.880389957133291,-0.532032286704906,-0.904920019892915
2,1.03961577563755,-0.540878974341721,0.751741216393758
1,-1.63089222768155,-0.537031863458595,1.0302053697545
1,0.439812978102844,-0.79296598415812,0.211924957736241
1,0.304115280777025,-0.183092570672621,0.164489341403998
1,-0.60110895679613,-1.07371146896224,-0.957467214234219
1,0.394728284310361,-0.101628307989239,-0.494372173553563
3,0.883422174890434,1.03723048923366,0.794065254716941
1,0.344762053142595,-0.358138661624045,-0.0591313202668244
2,1.47447905486961,0.0574531064944002,1.14976960936637
1,0.0118776797210116,-0.451720489892086,-0.136371521555516
4,-1.74558001269915,0.260581439498268,-0.524522658296095
2,0.25057144005235,-0.813354004444312,0.704305600061514
1,-0.440704672885692,-0.263980600420722,0.286349878364487
2,1.20331089848156,-0.894818267127694,1.11485344640087
1,-1.11177165302578,-2.82244367967064,-1.46007101257761
3,0.105781522187923,0.154882045645567,0.664796842398776
1,-0.236649548299444,0.0734177829621849,-0.230723770908173
4,-0.843667097307711,-0.186939681555747,-1.82547953993334
1,0.329434457719919,-0.186939681555747,0.378405830368529
1,-0.412420476744165,-0.256286378654471,0.151969888037262
2,1.21023887933179,-0.642155024376014,1.06512153272001
4,-0.24539546585497,0.516515560197793,-1.28795957862443
4,-0.495779679692328,0.162576267411819,-0.867707559578792
1,-0.0967411678102991,-0.101628307989239,0.12498058374126
1,0.0335597147472499,-0.0080464797211975,0.0826565454180764
1,-0.0732411960787657,-0.361985772507171,-0.101455358590008
4,-1.86805482193092,0.166999611230226,-0.954651933573774
2,0.640577263755518,-0.801236438859653,0.746629638384698
3,0.989936315093115,0.419086621046625,-0.0619466009272698
1,0.246301224529278,-0.622343237025103,-1.04670788557782
1,-0.00823414011165849,-0.626190347908229,0.336081792045346
4,-0.447919424359258,0.788990590300383,-0.84531084998002
4,-0.38051962193412,0.785143479417258,-0.904920019892915
1,0.333012067276829,-0.179245459789495,0.296573034382608
4,-1.64503496000534,0.0816882376637179,-1.18108787590504
1,-0.685080750102569,0.175270065931759,-0.462271291248501
3,0.857529456700871,0.0816882376637179,0.0301093510767723
1,-0.722663921798152,-1.761202034248,-0.462271291248501
1,0.314334100560831,-0.194633903321999,0.0278130537281573
3,0.748623838546225,0.597979822881175,0.269583730086606
3,0.724835827685292,0.601826933764301,0.254248996059425
2,0.367591170662171,-1.16344618634716,0.488092813748368
1,0.417270631206603,-0.544726085224846,0.0301093510767723
2,1.55873761879938,-0.186939681555747,-0.295790418616213
1,-0.584861517143703,-0.0972049641708317,-0.509706907580744
2,0.501815965759711,-0.988400095395735,1.02279749439682
2,1.3477545133629,-0.638307913492888,1.39102130241299
2,2.08325500822343,-1.17171664104869,1.88621722539871
1,-0.599291020090834,-0.971859185992669,-0.283270965249477
1,-1.29843098696019,-0.52818517582178,-0.014510984595026
4,-1.5406645762429,0.265004783316675,-1.32057944424133
1,0.398019123243936,-0.0933578532877058,0.254248996059425
1,0.11935071326505,0.427357075748158,-0.278159387240417
1,-0.592076268617269,0.166999611230226,-0.554327243252543
1,-0.145176232896104,-0.442873802255272,0.83868559038874
1,0.294509051351495,-0.626190347908229,-0.820271943246548
1,-0.972150043159965,0.699832105850749,0.211924957736241
4,-1.36579300877979,-0.906359599777072,-2.08683164523011
1,-1.78890503364002,0.610097388465834,0.881009628711923
1,-0.612572172038562,-0.62676658084351,-0.728215991242506
3,0.219856716847251,0.431204186631284,0.746629638384698
4,0.0368505536808249,0.606250277582708,-1.92264706994644
1,0.0952759317807822,-0.0080464797211975,0.217036535745302
1,0.0131233436857038,0.5209389040162,-0.243243224274909
2,-1.15398864058491,-2.82244367967064,0.796361552065556
4,-0.88607227401883,0.0816882376637179,-1.08162404854332
1,-0.0840930894689875,-0.267827711303848,-0.00428782857690524
1,-0.110883900134096,0.166999611230226,-0.591539703566666
1,-0.916175675371719,-0.976282529811076,-1.089031923901
4,-1.86719451006092,0.602403166699582,-1.58422784688672
4,-0.843093556061042,0.431204186631284,-0.636160039238464
3,0.446454188329741,1.22439414576974,0.567629312385674
4,-1.32457269516755,0.25615809567986,-2.04450760690693
1,-1.31764471431732,0.0734177829621849,-0.196326591254495
4,-0.91860620243529,0.525362247834607,-0.823087223906994
1,-0.584861517143703,-2.05021797375366,-0.275863089891801
4,-0.997755990726194,0.170846722113352,-0.591539703566666
1,-0.103322845677449,-0.18251633773734,-1.06715419761406
2,0.515958698083508,-0.361985772507171,0.83868559038874
1,-0.887604708606857,-0.703231266773204,-0.333002878930336
2,0.538885128568372,-0.626190347908229,0.612249648057472
1,0.273725108800802,-0.789118873274994,0.127276881089875
1,-1.11869836536994,0.333775247480117,0.617361226066533
3,0.713372612442859,0.358010378649435,-0.658902648623321
1,0.944505318317551,-0.451144256956805,-2.01470302195048
1,-1.25621526790712,-0.442873802255272,0.167304622064443
2,1.05886728360021,-0.984552984512609,1.43334534073618
1,-0.399197588650118,-1.25318090373207,-1.00208754990602
2,1.27013715966003,-0.44787337900896,0.831277715031064
1,-0.349804898729021,0.516515560197793,0.127276881089875
1,-0.229148026202544,-0.451144256956805,-0.143779396913191
1,-1.04705009917594,0.252310984796735,0.525305274062491
3,-0.0287300435329513,0.955766226550274,0.794065254716941
4,-1.46872953942556,-0.259557256602315,-1.45495943456855
4,-0.861100668565083,0.333775247480117,-0.78076318558381
1,-1.32007524138089,-1.87132477191911,-0.292975137955767
4,-1.572239611318,0.252310984796735,-1.72601571257162
1,-0.888849104065483,-1.58615594329657,-0.989568096539281
4,-1.09734215007864,0.5209389040162,-0.370215339244459
4,-1.0143279816075,-1.05332344867605,-1.63395976056758
1,0.301723802825061,-0.62676658084351,-0.228427473559558
3,0.769980053837522,0.166423378294945,0.831277715031064
2,0.676974303846156,-0.789118873274994,0.973065580715965
1,-0.729018361401714,0.610673621401115,-0.238131646265848
3,0.453668939803306,1.1308123175017,0.259360574068485
3,0.181640471545252,0.512668449314667,0.517897398704815
1,0.439239436856175,-0.097781197106113,0.0301093510767723
3,-0.315837117195889,0.703679216733875,0.206813379727181
1,-0.289333077154115,-0.256286378654471,0.58014876575241
2,-0.662215120483517,-2.55823910426958,0.308573504437514
1,-0.0699503571451908,0.345892813064776,-0.414835674916257
3,-0.433776692035461,0.435627530449691,0.801473130074617
1,0.123561396428376,-0.463261822541464,0.560221437027999
3,0.0233408949634439,0.525362247834607,1.10744557104319
3,0.4359485979226,0.349739923947902,0.157081466046322
1,0.466317018144618,-0.0036231359027904,0.353712823421142
2,1.14494505274135,-0.983976751577328,1.05771365736233
1,0.499424487807747,-0.365256650455016,0.12498058374126
1,-0.40673689135256,-0.899241610946101,0.119869005732199
3,-0.275477115453653,0.86660774210064,0.923333667035106
1,-0.669693622320146,0.435627530449691,-0.203734466612171
1,0.0856319217497111,-0.179245459789495,-0.77565160757475
1,-0.468069024797469,0.788990590300383,-0.111678514608128
4,-0.887604708606857,-0.0889345094692987,-1.59163572224439
1,0.58186384652616,-0.183092570672621,0.206813379727181
4,-0.6492572512586,0.265004783316675,-0.678484077561647
4,-1.05640860708974,1.22439414576974,-0.954651933573774
1,-0.324258483522539,-0.610225671440444,-1.53449593320586
4,0.21593280430726,0.439474641332817,-1.54931168392121
1,-1.28574512801334,-1.51296213531473,-0.867707559578792
Questions and  the subject,Interesting thinking of another perspective,1,1
2,0.274359450913283,-0.829318680912096,1.5677253310634
1,-0.25590105626211,0.605674044647427,-0.051723444909149
4,-0.717555146159282,0.252310984796735,-0.922551051268711
1,-0.0964543971869647,0.349739923947902,0.0329246317372177
1,0.470814471931278,-0.0080464797211975,0.348601245412082
2,0.996577525320012,-0.272827288057537,0.303980909740284
3,1.36132370444003,0.606250277582708,1.14976960936637
1,-0.0477325614778251,-0.288791964525322,0.97076928336735
1,-0.396193520339878,-1.04947633779293,-0.0670581789363301
4,-1.13284109769374,-1.32637471171392,-2.17888759723415
4,-1.572239611318,0.960189570368681,-1.45725573191717
4,-2.4524704916832,0.602403166699582,-2.54711140525032
3,0.128383401443911,0.699255872915468,-0.101455358590008
3,1.2827474573958,0.529209358717733,0.803769427423232
3,0.910212985555542,1.57006298385418,0.933556823053227
4,-0.73322904456504,0.691561651149216,-1.04952316623826
1,-0.130135408096762,-0.44787337900896,-1.22341191422822
1,-0.650728884980814,-0.703807499708485,1.06512153272001
2,0.515385156836839,-1.15517573164563,0.244025840041304
1,-0.173460429037631,0.597979822881175,-0.338114456939396
1,0.112996273661488,-0.886547812426161,0.0403325070948931
2,0.367304400038837,-1.24433421609526,0.217036535745302
3,-0.0690305129154406,1.0499242877536,0.244025840041304
4,-0.440704672885692,1.14350611602164,-0.641271617247524
2,0.274011879424136,-1.76504914513112,0.398333159092941
4,-1.34200499791886,0.610097388465834,-2.18629547259183
4,-0.433489921412126,-0.715348832357863,-2.17888759723415
This information in the wrong hands could be dangerous.,2,3,2
1,-0.175544653118122,-0.272251055122255,0.973065580715965
1,-0.23068046079057,-0.0850873985861728,0.488092813748368
1,-0.252036676081866,-0.361985772507171,-0.586428125557605
3,1.21023887933179,0.606250277582708,1.19950152304723
1,0.618608458105945,-0.439026691372146,0.293757753722163
4,-0.581857448833463,0.5209389040162,-1.0444115882292
4,-0.998329531972863,0.000223974980335504,-0.78076318558381
1,-0.310977331574812,-0.369679994273423,0.433249322058449
4,-1.34835943752242,1.14350611602164,-1.7859707822706
2,0.4434501200195,-0.545302318160128,1.34640096674119
3,0.394095210703945,0.520362671080918,0.132388459098935
2,1.20331089848156,-1.07813481278065,1.51799341738254
4,-1.57252638194134,0.695984994967624,-1.64136763592525
1,0.814491206383336,-1.78216628746947,-1.1415791182423
3,-0.0660264446052001,0.606250277582708,1.02790907240588
1,0.0293112509783833,-0.455567600775212,0.445768775425184
4,-0.95982651604753,0.426780842812877,-0.688707233579768
4,-1.73411679745672,0.435627530449691,-0.014510984595026
2,0.993573457009771,-0.264556833356004,0.52019369605343
2,1.21023887933179,-0.451720489892086,0.796361552065556
4,-2.30831364742519,0.166999611230226,-0.815679348549318
2,1.40554681785645,-1.790436742171,1.92854126372189
3,0.876780964663537,0.431204186631284,0.306277207088899
4,-1.05340580728556,-0.626190347908229,-2.08683164523011
1,-1.21199088598464,-0.890394923309287,-1.17879157855643
4,-1.0058688346753,-0.171551238023244,-1.16432172762716
4,-0.0320208824665263,1.13523566132011,-1.54701538657259
4,-1.32996824142975,-0.272827288057537,-1.27825540591814
3,-0.286269476484128,1.13908277220323,1.01538961903915
1,-0.506285270099468,0.0816882376637179,0.209109677075796
4,-1.20420259326441,0.606250277582708,-1.44243998120182
2,1.35468249421314,-1.08198192366378,1.16228906273311
4,-0.843667097307711,0.691561651149216,-0.713400240527155
1,-0.0320208824665263,-0.890394923309287,-1.01460700327275
3,0.697471475773514,0.874301963866892,-0.492421775991033
3,-0.282978637550553,0.699832105850749,-0.00939940658596566
1,0.0407744662208155,-1.16344618634716,0.351416526072527
1,-1.24421629202356,-0.252439267771345,0.654573686380656
1,0.0979554488621466,-1.1513286207625,0.346304948063467
2,1.28217391614913,-0.724195519994677,0.973065580715965
1,-0.681730378809247,0.435627530449691,0.575037187743349
4,-1.97610139672163,0.691561651149216,-1.12905966487557
1,-1.49366336427377,-0.528761408757062,-0.3204834255636
4,-1.00404962946394,1.04934805481832,-0.770540029565689
2,1.06908610338402,-1.70454913566922,1.07023311072907
1,0.0576332277254522,-0.967435842174262,-0.713400240527155
4,-0.498210206755899,0.0695706720790591,-1.95985953026056
3,0.732050579158857,0.162576267411819,0.609953350708857
1,-0.0506988491825241,0.179693409750166,-0.417650955576702
2,1.57077437528849,-1.70070202478609,1.56031745570573
3,1.02757901914845,-0.0933578532877058,0.0352209290858327
2,1.27495916467556,-0.0889345094692987,1.10744557104319
3,-0.251116831852116,1.14350611602164,0.114757427723139
4,-1.71725676744602,0.610097388465834,-2.32808333827673
2,0.470527701307943,-0.712077954410018,0.985585034082701
1,0.405233874717501,-0.276674398940663,0.52019369605343
3,0.388375113212865,1.30970551933625,0.0701370920513406
1,-1.16684665983241,-0.101628307989239,0.562517734376614
1,0.840097153949565,-1.26145135843361,-0.957467214234219
4,-1.28421269342531,0.870454852983766,-1.64136763592525
4,-1.64474818938201,1.48475161028767,-0.897512144535239
3,-0.60411302510637,1.30970551933625,0.077544967409016
4,-1.05975897838306,0.606250277582708,-0.823087223906994
4,-0.5252500074388,0.704255449669156,-1.81807166457566
3,0.558363874794626,0.341469469246369,0.819104161450413
3,0.777194805311087,0.337622358363243,0.831277715031064
1,0.0564483646265728,-0.540878974341721,0.604841772699797
1,-0.180101639264528,-0.357562428688764,0.341193370054407
4,-0.987823941565723,0.699832105850749,-1.6265518852099
1,0.00227145029548202,-0.267827711303848,0.475573360381632
1,0.264081098769731,-1.06601724719599,0.075248670060401
3,0.191918823688805,0.435627530449691,0.930741542392782
1,-0.425988399315226,-0.357562428688764,-0.101455358590008
4,-2.74771216104946,-0.0889345094692987,-2.22861951091501
2,0.845205929588435,-1.25318090373207,0.438360900067509
1,-0.258964656932098,0.0855353485468438,0.83868559038874
1,0.279754997175488,0.0689944391437778,0.420729868691713
1,-0.692869042822803,0.265004783316675,0.12498058374126
2,0.329721228343254,-0.455567600775212,0.973065580715965
1,0.43952620747951,0.162576267411819,0.077544967409016
4,-0.548138657318123,0.866031509165359,-2.2709435492382
1,0.143137455619918,-0.626190347908229,0.888417504069599
4,-0.752805103756582,0.528633125782451,-1.68369167424843
2,0.707977066180655,-1.7860133983526,0.296573034382608
1,-1.32007524138089,-0.0278582670721081,0.480684938390692
4,-2.09164822510317,0.170846722113352,-1.35038402919777
1,0.518675995770414,-0.353139084870357,-0.601762859584786
1,0.332092223047078,0.00907066261714984,0.184935653440239
2,1.42661753103047,-0.362562005442452,1.29155747505127
4,-0.577933536293472,0.964036681251807,-1.3726076552708
4,-0.919753284928628,0.699832105850749,-1.38283081128892
4,0.367017629415502,-0.0889345094692987,-1.63395976056758
3,0.187994911148814,1.13908277220323,-0.303198293973888
4,-0.51713716348969,1.39501689290276,-0.820271943246548
4,-0.96614317504555,0.431204186631284,-0.90773530055336
1,-0.605644191188331,-0.349868206922512,-0.770540029565689
1,0.354980872926401,-0.711501721474737,-0.996975971896957
4,-1.4028026392287,0.610097388465834,-0.790986341601931
1,0.912605732013572,-0.276674398940663,-0.731031271902951
1,-0.175890956101203,-1.76504914513112,-0.32559500357266
2,1.14102114020136,-0.183668803607902,1.5677253310634
1,-0.502707660542559,0.166999611230226,-0.151706255582697
3,0.367304400038837,0.86660774210064,0.0352209290858327
1,0.230075536631057,-0.520490954055529,0.117572708383584
4,-0.619786923512127,0.187387631516418,-0.812864067888873
3,-0.519854461176596,1.31412886315465,-0.151187272270867
1,-0.00823414011165849,0.337046125427962,-0.566846696619279
3,0.0850583805030422,0.776873024715725,-0.593836000915281
3,1.31254233637115,0.162576267411819,1.21713255442303
4,-0.370874343396983,1.39944023672116,-0.917439473259651
1,0.119637483888385,-0.268980177174411,0.577852468403795
4,-1.4308000647469,0.968460025070214,-0.738439147260627
1,-0.389265539489647,0.171422955048633,-0.183288154575929
2,1.34718097211624,-1.51738547913313,0.980473456073641
4,-0.606791273681668,0.61394449934896,-1.31546786623227
1,-0.0157734428141,0.422933731929751,0.164489341403998
1,0.385982366754835,-0.101628307989239,0.109645849714079
3,0.728413437242201,1.57006298385418,0.938149417750457
4,-1.94749138084516,1.13465942838482,-0.713400240527155
4,-0.787059655913049,0.252310984796735,-1.40011594287863
4,-1.05369130940283,0.878725307685299,-0.996975971896957
1,0.115773103708141,-0.707654610591611,-0.9026237225443
2,0.294509051351495,-1.15902284252875,1.33388151337446
1,-0.148467071829679,-0.187515914491028,0.378405830368529
4,-1.40190327824709,0.79341393411879,-1.49728347289174
1,-0.991401551122632,-1.41995653998197,-1.09184720456144
4,-1.87469603215782,0.5209389040162,-1.17368000054737
1,-1.65224971147891,0.440050874268099,0.490389111096983
3,-0.0925304846469739,0.268275661264519,0.978177158725026
1,-0.435882667870156,0.175270065931759,0.0175898977100364
2,0.979717495309309,-0.894818267127694,1.15717748472405
4,-0.0320208824665263,0.601826933764301,-1.23363507024635
3,0.980963159274001,1.21997080195133,1.14976960936637
4,-0.884887410919951,0.9596133374334,-1.73112729058068
4,-0.289333077154115,0.533056469600858,-1.062042619605
3,-0.0317341118431918,1.30970551933625,-0.412539377567642
4,-1.11841159474661,-0.199633480075687,-2.17888759723415
3,0.98664547615954,0.606250277582708,0.348601245412082
1,-0.15239098436967,-0.183668803607902,-0.357695885877723
3,0.456445769849959,1.21997080195133,0.841500871049185
4,-0.475630079254116,1.48475161028767,-0.643567914596139
3,-0.606504503058334,0.337622358363243,1.43334534073618
3,-0.135245452241699,0.419086621046625,0.438360900067509
1,-1.05369130940283,-0.280521509823788,-0.0270304379617619
3,0.0188056605712427,1.39944023672116,0.174712497422119
1,-0.130746729948973,0.263852317446112,0.652277389032041
3,0.952006840414451,0.154305812710286,1.24693713937948
4,-0.809315232185956,0.260005206562986,-1.13135596222418
1,-1.47952063194997,-1.69243157008456,-0.210796442183762
1,-0.534282695617661,0.252310984796735,-0.359992183226338
1,0.446454188329741,-0.455567600775212,-0.904920019892915
1,-0.857523059008173,-0.691689934123827,-0.805456192531197
3,0.42573104664486,1.57006298385418,-0.116271109305358
1,-0.365478797134779,0.162576267411819,0.786657379359266
2,0.298432963891486,-0.968012075109543,1.19950152304723
1,0.263507557523062,-0.187515914491028,-0.377623214602134
3,0.246934298135693,1.39501689290276,0.293757753722163
2,0.800061703436205,-0.711501721474737,1.06512153272001
4,-2.03299560873963,0.24904010684889,-1.35038402919777
1,0.266798396456637,-0.18251633773734,0.219332833093917
1,-0.678440808381738,-1.25318090373207,-0.146075694261806
4,-1.59631439280227,1.22881748958815,-1.40011594287863
1,-0.843667097307711,0.512668449314667,-0.101455358590008
2,1.04172175147224,-0.887124045361442,0.164489341403998
3,-0.361268113971454,1.22439414576974,0.425841446700773
3,0.155747753355688,0.5209389040162,0.214221255084857
3,0.643581332065758,0.606250277582708,0.217036535745302
1,0.425096704532379,0.264428550381393,-0.402316221549521
2,0.75612409213706,-1.0704405910144,1.5677253310634
3,0.583969822360855,0.252310984796735,1.02279749439682
4,-0.916462445995053,1.48475161028767,-1.26573595255141
3,0.0134101143090383,1.14350611602164,-0.638975319898909
2,0.481033291715084,-1.34233938818171,0.806584708083677
2,1.40736602306781,-1.07813481278065,1.2841495996936
1,0.184644539855492,-0.984552984512609,0.217036535745302
3,0.716089910129765,0.337622358363243,0.756852794402819
1,0.336016135587069,-0.357562428688764,-0.725919693893891
1,-0.513213250949699,-0.183092570672621,0.336081792045346
2,0.535595558140863,-1.43649744938503,1.15488118737543
2,0.597825784061318,-1.33849227729858,0.344008650714852
2,1.80129575931097,-0.720348409111551,0.881009628711923
2,1.13773030126778,-0.187515914491028,0.385813705726205
3,0.621325755792851,0.431204186631284,-0.462271291248501
1,0.553314631515503,-0.870583135958376,-0.203734466612171
2,1.05165253212665,-0.55299653992638,0.930741542392782
3,-0.172886887790963,1.05377139863672,0.831277715031064
3,-1.01847913241107,1.39944023672116,0.445768775425184
3,0.445880647083072,0.170270489178071,0.498315969766489
4,-1.32728872434839,-0.00304690296750898,-1.01179172261231
1,-0.362415196464791,-0.280521509823788,0.206813379727181
1,-0.0937370995000586,-1.24048710521213,-0.954651933573774
2,1.2752459352989,-0.183668803607902,1.10744557104319
3,1.20602819616846,0.344740347194213,1.43104904338756
4,-0.346227289172112,0.260005206562986,-1.7683397508948
4,-1.02029706911637,1.39944023672116,-1.40752381823631
3,-0.00101938863809289,0.252310984796735,0.746629638384698
4,-0.678439539875672,1.39944023672116,-1.23593136759496
4,-0.296547828627681,0.2688518941998,-0.904920019892915
3,-0.217684810960111,0.695984994967624,0.378405830368529
4,-1.4930898230271,-1.75293157954647,-1.95245165490289
3,0.955070441084438,1.13908277220323,-0.0991590612413927
4,-2.24966103106165,-1.6803140044999,-1.90271974122203
4,-0.359124357531217,0.252310984796735,-1.37031135792219
3,0.0639876673290143,0.610673621401115,0.0227014757190969
3,0.663119610651759,1.13465942838482,0.443472478076569
1,-0.270941881061452,0.5209389040162,0.0352209290858327
1,0.301723802825061,-0.186939681555747,0.659685264389716
2,1.57077437528849,-1.06986435807912,1.61004936938658
3,1.2611032029751,0.773025913832599,1.03531694776356
1,0.184644539855492,-0.456143833710493,0.535528430080612
3,0.751015316498189,0.524786014899325,0.746629638384698
4,-1.81776403953428,1.57006298385418,-2.45505545324628
3,1.3161794782878,0.431204186631284,1.19950152304723
3,1.58491710761228,0.346469046000057,0.13520373975938
2,1.42690430165381,-2.03752417523372,1.34128938873213
2,1.24424444147046,-0.186939681555747,1.38361342705532
1,0.216506345553929,0.1631525003471,0.229555989112038
4,-0.497885655527023,0.874878196802173,-0.462271291248501
3,1.19609614700799,0.0734177829621849,0.980473456073641
4,-1.79468593199691,-0.613496549388289,-0.661717929283766
4,-0.29354376031744,0.964036681251807,-1.49957977024035
3,-0.830384676853918,0.597979822881175,1.20461310105629
4,-2.17801276486764,1.05819474245513,-1.9101276165797
3,0.263794328146396,1.21997080195133,-0.676187780213032
1,-0.338401215846336,-0.280521509823788,-0.678484077561647
2,-0.128602973508736,-0.553572772861661,1.46826150370168
4,-1.35614773024265,1.39116978201963,-1.04670788557782
1,-1.13312786831707,-0.809506893561186,-0.240946926926294
2,0.907208917245302,-1.59884974181652,-0.138667818904131
3,-0.00101938863809289,0.874878196802173,-0.536696211876747
2,0.617688613876195,-1.23606376139373,1.19950152304723
3,1.88884516217431,1.04934805481832,1.79416127339467
4,-1.8638441387676,0.597979822881175,-2.09423952058779
1,0.101570839024598,0.338198591298524,-0.310260269545479
2,-0.865673683562826,-2.82244367967064,0.470461782372571
4,-2.30081212532829,1.04550094393519,-2.36299950124224
3,-0.471706166714125,1.57006298385418,0.346304948063467
4,-0.909247694521487,0.606250277582708,-0.225612192899112
1,-0.805450852005712,0.00907066261714984,-0.45715971323944
3,-0.121102719917902,1.04934805481832,0.259360574068485
2,0.511174473673514,-1.32579847877864,0.420729868691713
3,0.0666671844103788,1.14350611602164,0.38351740837759
1,-0.126785036803441,-0.183092570672621,-0.825383521255609
2,0.374232380889068,-1.33849227729858,0.696897724703839
1,-0.193324527358575,0.273275238018208,-0.601762859584786
3,0.952006840414451,0.340893236311087,1.34128938873213
3,0.0402604573338934,0.618944076102648,0.209109677075796
1,0.0853451511263766,0.166423378294945,-0.738439147260627
3,0.0744932577361548,1.22439414576974,0.344008650714852
4,-1.01847913241107,0.618944076102648,-0.954651933573774
1,0.329088154736838,-0.349291973987231,-0.3204834255636
3,0.119063942641716,1.30970551933625,-0.00710310923735062
3,-0.137961481422539,0.694832529097061,0.296573034382608
4,-1.5388466395376,0.268275661264519,-1.27595910856953
1,0.627907433660001,-0.894818267127694,-0.720808115884831
2,0.921638420192433,-0.183668803607902,0.96565770535829
4,-1.73139949976981,1.39944023672116,-2.04450760690693
1,0.150925748340153,-0.273403520992818,0.433249322058449
2,1.17866384425669,-0.894818267127694,0.241729542692689
4,-1.65889092170581,1.21997080195133,-2.08683164523011
3,0.0191302118001187,0.968460025070214,-0.370215339244459
3,1.32276115615495,0.154305812710286,1.30918850642707
3,0.213826828472565,0.691561651149216,0.58014876575241
4,-0.0877084796314384,0.883148651503706,-1.40011594287863
1,0.319156105576366,-1.59884974181652,-0.327891300921275
4,-0.981182731338826,1.22439414576974,-0.233020068256788
My health ,,,
My opinions,2,1,6
4,-2.16387003254385,1.13523566132011,-1.12394808686651
4,-2.0985762059534,0.277122348901333,-2.08683164523011
4,-1.12562634622017,0.9596133374334,-1.82318324258472
1,0.198499233049888,-0.360833306636608,0.171897216761673
1,-0.623077762445702,-1.16402241928244,-1.41774697425443
4,-0.468988869027219,1.22439414576974,-1.03930001022014
1,0.859348661912232,-0.000928490890227285,-0.340410754288011
4,-0.585435058390372,0.426780842812877,-1.25832807719373
3,0.700762314707089,0.0734177829621849,0.878713331363308
3,0.942687381612255,0.694832529097061,-0.091232202571887
4,-2.17772599424431,0.699255872915468,-1.81066378921798
1,-0.519854461176596,0.512668449314667,-0.419947252925317
4,-0.664871617304611,1.04934805481832,-0.97228296494957
3,0.230075536631057,0.166423378294945,0.980473456073641
2,0.793133722585974,-1.94009523608255,0.577333485091964
4,-0.908960923898153,1.05819474245513,-0.996975971896957
3,-0.419920730334999,1.57006298385418,0.346304948063467
3,0.765769370674197,-0.0850873985861728,0.346304948063467
4,0.126565464738616,-0.265133066291285,-1.79056337696783
4,-0.462062156683054,0.956342459485556,-1.1861994539141
2,0.955357211707772,-0.288791964525322,0.517897398704815
4,-1.25841855670711,-0.179821692724777,-0.58413182820899
1,0.658908927488434,-0.203480590958813,0.406260017762446
2,0.621612526416185,-0.984552984512609,0.788953676707881
1,-1.21323654994933,-0.523761832003373,-0.725919693893891
1,-0.00101938863809289,-0.00862271265647879,0.0900644207757518
4,-0.837025887080815,-0.46710893342459,-1.54190380856353
3,-0.169536516497641,0.512668449314667,0.935853120401842
3,-0.475630079254116,0.955766226550274,0.303980909740284
1,-0.15239098436967,0.426780842812877,-0.45715971323944
3,0.621612526416185,0.699832105850749,0.296573034382608
2,0.837991178114869,-0.377950448974956,0.351416526072527
4,-0.6137192545319,0.610097388465834,-0.57902025019993
4,-2.61019652701834,0.9596133374334,-1.99477569322607
1,-0.685367520725903,-0.210598579789784,0.0152936003614214
4,-0.70308786260661,0.703679216733875,-0.823087223906994
2,1.3041427217987,-0.187515914491028,0.443472478076569
2,1.3543957235898,-0.272251055122255,1.33388151337446
1,-0.236649548299444,-0.862312681256843,-0.559438821261603
1,-0.719659853487912,-1.60712019651805,-0.606355454282016
4,-1.21199088598464,0.345892813064776,-2.08683164523011
1,-0.555353408791689,0.268275661264519,-0.0693544762849452
3,0.97914395406264,-0.0163169344227305,0.788953676707881
4,-1.28392592280198,1.04550094393519,-1.49217189488268
2,1.57077437528849,-0.540302741406439,1.15717748472405
4,-1.5863823436418,0.627214530804181,-1.26573595255141
4,-0.0693768158985218,1.48475161028767,-1.03700371287153
3,0.0961970445165983,0.862760631217514,1.29666905306034
1,0.0474156764477121,-1.61096730740117,-0.183288154575929
3,0.842201861278195,0.699832105850749,0.788953676707881
2,-0.0585261910143662,-0.862312681256843,1.10744557104319
3,0.0061953628354727,0.606250277582708,0.923333667035106
4,-0.909534465144822,-1.14305816606097,-1.86780357825652
2,0.587320193654177,-0.255710145719189,1.01538961903915
3,0.0125498024390348,0.614520732284241,0.704305600061514
2,1.64299618272916,-0.442873802255272,0.811177302780907
2,0.392910347605066,-2.38704012420128,0.199405504369506
1,-1.06783404172663,-0.622343237025103,0.348601245412082
3,0.628827277889751,0.606250277582708,-0.240946926926294
3,2.234626603955,0.862184398282233,1.61745724474426
4,-0.98146950196216,0.708102560552282,-0.636160039238464
3,0.408871016634158,0.960189570368681,-0.753773881287808
4,-2.28695616362783,1.12696520661857,-2.04450760690693
3,-0.467820034779676,1.1308123175017,0.512785820695755
4,-2.39381787531966,0.802260621755605,-1.90271974122203
4,-0.826808335803075,0.529209358717733,-0.58413182820899
1,-0.24539546585497,-1.67973777156462,0.0431477877553383
3,-0.826747534937262,1.39944023672116,0.58526034376147
3,1.64992416357939,0.244040530095202,0.756852794402819
2,1.20273735723489,-0.97897717482364,0.881009628711923
1,0.00527425009965643,-0.183668803607902,-0.686410936231153
4,-1.30564573843376,0.610673621401115,-0.19862288860311
1,-0.327836093079449,0.525362247834607,-0.278159387240417
1,0.101917142007679,-0.7126541873453,0.664796842398776
3,0.859348661912232,1.30585840845312,0.438360900067509
4,-1.63003191581154,1.05819474245513,-1.12905966487557
4,-0.902032943047922,1.05377139863672,-1.95245165490289
4,-2.61048329764168,0.699255872915468,-2.17888759723415
4,-1.03290736685214,-0.0983574300413942,-2.82327926126245
1,0.499137717184412,-0.903088721829227,0.0329246317372177
1,0.0627432718703881,-0.895394500062975,0.480684938390692
3,0.62189929703952,0.430627953696003,0.2616568714171
1,0.287867841124598,-0.0118935906043234,0.119869005732199
2,0.336016135587069,-1.59884974181652,0.174712497422119
4,-0.272759817766747,0.512668449314667,-1.27595910856953
3,0.252942434756175,0.687138307330809,1.24693713937948
2,1.50548054869804,-0.272251055122255,0.881009628711923
2,-0.851244180615694,-2.73713230610413,0.296573034382608
3,0.169316944432816,1.57006298385418,0.930741542392782
1,0.850027934603971,-0.53376098551075,-0.0963437805809473
3,0.779279029391578,0.784567246481976,-0.0838243272142116
2,0.549390718975513,-1.41110985234515,0.430953024709833
1,0.00919943114571314,-0.0163169344227305,-0.504595329571684
2,0.731477037912188,-0.95974162040801,0.788953676707881
4,-0.815381632660118,0.0849591156115624,-0.743550725269687
4,-1.73804070999671,0.878725307685299,-1.99477569322607
2,0.989362773846446,-0.622343237025103,0.83868559038874
2,1.12205640286203,-0.724195519994677,1.20461310105629
2,2.16240479651433,-0.817777348262719,1.79416127339467
2,0.917427737029108,-1.34676273200012,1.02050119704821
3,0.741982628319329,0.695408762032342,0.480684938390692
4,-2.1052174161803,1.22881748958815,-0.419947252925317
1,-1.19756265154358,-0.0862398644567356,0.162193044055383
4,-0.976111736305498,0.964036681251807,-1.1415791182423
3,0.989362773846446,1.13465942838482,0.751741216393758
3,0.067911579869005,0.964036681251807,0.159377763394937
4,-0.83281520391749,0.716949248189097,-2.08683164523011
4,-0.905037011358163,0.955766226550274,-1.63907133857664
4,-1.57467013838157,1.13465942838482,0.0678407947027256
2,1.06851256213735,-1.50469168061319,0.430953024709833
1,0.143136187113852,-1.15075238782722,-0.64919847591703
1,-0.241758323938314,-0.00477560177335301,-0.103751655938623
4,0.807276454909771,0.869878620048484,-2.2709435492382
4,-1.88912553510495,1.57006298385418,-1.81066378921798
3,1.43654958019095,0.869878620048484,1.46826150370168
2,1.13773030126778,-1.60712019651805,-0.509706907580744
3,0.226497927074147,1.04550094393519,0.0278130537281573
1,0.251757571657295,-0.358714894559326,-0.0963437805809473
4,-2.01971318828584,1.57006298385418,-2.36299950124224
3,0.711040666850642,0.264428550381393,1.37620555169764
1,0.445880647083072,-0.906935832712353,0.251433715398979
3,0.879211491727109,0.15045870182716,0.174712497422119
2,1.34207219647737,-0.545302318160128,0.923333667035106
4,-1.20534967575774,1.22439414576974,-1.78315550161015
4,-1.94749138084516,0.358586611584716,-2.04961918491599
2,0.506065698034644,-1.57019126682879,0.117572708383584
4,-1.18581139717174,1.14350611602164,-2.17888759723415
3,0.590324261964418,0.44774509603435,0.344008650714852
4,-1.35161249585045,1.30970551933625,-1.82318324258472
3,-0.275477115453653,0.439474641332817,0.746629638384698
4,-1.67332042465294,0.170846722113352,-1.71860783721394
3,0.834700339181294,0.870454852983766,0.654573686380656
4,-2.24516357727499,0.797837277937198,0.236617964683628
4,-2.39410464594299,1.57006298385418,-2.08683164523011
3,0.559669071119065,0.520362671080918,0.385813705726205
2,1.94602614481565,-2.05464131757206,1.33388151337446
4,-1.64503496000534,1.22881748958815,-2.45505545324628
1,-0.145176232896104,0.00849442968186843,-0.317668144903154
2,0.669474050255321,-2.02925372053218,0.714528756079635
2,0.174138949448352,-1.68858445920143,0.0301093510767723
3,0.960179216723308,0.434475064579129,0.572740890394734
3,-0.6065057715644,1.39944023672116,0.25654529340804
2,0.961652118951588,-1.43649744938503,0.12498058374126
2,0.27799659282994,-0.0945103191582686,1.4259374653785
3,0.890063385117331,1.1308123175017,0.523008976713876
3,0.534063123552836,0.86660774210064,0.0599139360332197
3,1.80129575931097,1.04550094393519,0.978177158725026
1,0.325164242196847,0.0861115814821251,-1.07421617318565
3,0.734730096240222,1.57006298385418,1.37620555169764
3,-0.028444541415683,1.30970551933625,0.0923607181243668
1,-1.5872426555118,-0.0130460564748859,0.348601245412082
1,-0.852987824615973,-2.38319301331816,-0.409724096907197
4,-1.81747726891095,1.30970551933625,0.560221437027999
3,0.618608458105945,1.57006298385418,0.159377763394937
4,-1.88277109550139,1.39944023672116,-2.22861951091501
2,1.93909816396541,-0.463838055476745,0.854020324415921
3,0.71279907119619,0.512092216379385,-0.240946926926294
4,-0.462347658800323,0.785719712352539,-0.825383521255609
2,1.38868805635181,-0.80565978267806,1.34128938873213
1,-1.58002790403824,1.04492471099991,0.754037513742373
4,-2.0335691499863,-0.6069547934926,-1.99477569322607
1,-0.441278214132361,-0.471532277242997,0.356009120769757
1,-0.427135481808564,0.349739923947902,0.973065580715965
4,-0.305295014689273,1.30970551933625,-1.68369167424843
3,1.14465828211801,0.597979822881175,0.336081792045346
2,0.499424487807747,-0.992247206278861,0.485796516399753
3,1.3041427217987,0.691561651149216,0.799176832726002
2,1.71521799016983,-1.25645178167992,1.47566937905936
4,-1.32753898287225,1.57006298385418,-1.44243998120182
4,-0.807843598463742,1.22054703488661,-0.33018759826989
4,-1.79047524883359,-0.344868630168824,-0.994679674548342
4,-2.09164822510317,0.716949248189097,-2.2709435492382
1,0.187648608165733,-1.22836953962748,-0.0168072819436411
4,-1.34921974939242,0.516515560197793,-2.04961918491599
3,0.790129654275733,0.0613002173775261,0.485277533087922
4,-1.81719049828761,1.39944023672116,-1.90271974122203
2,0.43202468538261,-1.78543716541732,-0.45204813523038
4,-2.42782343745833,0.0167648843834014,-1.36801506057357
2,1.02365510660845,-1.43207410556662,0.184935653440239
2,0.576468300263955,-1.67204354979836,0.933556823053227
1,0.457917403572173,0.162576267411819,-0.601762859584786
2,0.267371937703306,-2.04194751905212,0.0928797014361973
3,0.325164242196847,0.691561651149216,0.0900644207757518
1,0.143137455619918,-0.0118935906043234,-0.267936231222296
3,-0.0368428874820618,1.57006298385418,0.204517082378566
2,1.35468249421314,-1.52180882295154,1.51799341738254
4,-0.462060888176988,-0.206751468906658,-1.7683397508948
3,1.6721797398523,0.268275661264519,0.537824727429226
3,0.628540507266417,1.22439414576974,1.57283690907246
2,0.370308468349077,-2.1189884379171,-0.718511818536216
3,1.39532926657871,0.781296368534132,0.162193044055383
3,1.07180340107092,-0.0130460564748859,0.669908420407837
2,1.28846882339294,-0.622919469960384,0.075248670060401
1,-0.0359447950065169,-0.524338064938655,0.428137744049388
4,-2.61077006826501,1.14350611602164,-1.6265518852099
4,-1.36125777438759,1.05819474245513,-1.68139537689982
2,-0.68536878923197,-2.82244367967064,0.436064602718894
2,1.28910189699936,-0.300333297174699,1.05771365736233
4,-0.843667097307711,1.39944023672116,-1.90271974122203
4,-0.582468770685673,0.422933731929751,-1.49728347289174
1,0.397732352620601,-0.0163169344227305,0.229555989112038
3,2.01796118163298,0.44774509603435,1.25434501473715
2,-0.0934503288767241,-2.29345829593324,1.19209364768956
4,-0.33118646437277,1.57006298385418,-1.03189213486246
3,0.999581593630252,0.687138307330809,1.74442935971381
3,0.70376638301733,0.687138307330809,0.12498058374126
4,-1.45244431916759,1.05377139863672,-1.71860783721394
3,0.20843128221036,1.31412886315465,-0.014510984595026
2,0.634835414510232,-0.717077531163707,0.2616568714171
3,0.793420493209308,1.30970551933625,0.893529082078659
1,-0.444915356049017,0.333775247480117,-0.554327243252543
3,2.01103320078275,0.712525904370689,1.92854126372189
2,0.191859291329058,-2.31057543827159,-0.101455358590008
2,0.635122185133566,-0.983400518642047,1.20461310105629
3,0.879211491727109,1.39944023672116,-0.536696211876747
4,0.66254606940509,0.615096965219522,-1.21600403887055
2,1.57077437528849,-1.61096730740117,1.15717748472405
4,-1.1400558491673,1.03723048923366,-1.40752381823631
4,-0.902606484294591,0.340893236311087,-0.736142849912012
4,-1.96163411316896,0.716949248189097,-1.8655072809079
2,0.628253736643082,-1.60269685269964,1.38872500506438
1,0.345946916241475,-0.708807076462174,0.527601571411106
2,1.2472485097807,-0.456143833710493,1.29666905306034
3,-0.606791273681668,1.39501689290276,0.219332833093917
4,-1.34893297876909,1.39944023672116,-2.08683164523011
2,0.972215973212409,-0.366985349260859,1.10744557104319
4,-1.51473407744779,1.30970551933625,-0.370215339244459
1,-0.259191895195685,-0.199633480075687,0.482981235739307
2,1.27495916467556,-1.60712019651805,1.10744557104319
4,-0.510209182639459,1.31412886315465,-0.601762859584786
4,-0.988397482812391,0.972883368888621,-0.514299502277974
2,1.42269361849048,-1.69243157008456,1.34640096674119
4,-2.1052174161803,1.57006298385418,-0.825383521255609
4,-1.80997574681405,1.57006298385418,0.0803602480694613
4,-1.13312786831707,0.337046125427962,-1.32287574158994
2,1.23192091435803,-0.363138238377734,1.02561277505727
4,-0.757589328166576,1.57006298385418,-0.091232202571887
4,-0.100318777367208,1.48475161028767,-0.877930715596913
4,-1.64660517519891,1.22881748958815,-1.04952316623826
1,-0.569209370492151,-0.512220499353996,-0.519930063598865
1,0.294509051351495,-1.09025237836531,-0.0940474832323323
2,1.43654958019095,-0.533184752575469,1.24693713937948
1,-0.0151621209618896,-1.07871104571593,0.430953024709833
2,1.50548054869804,-1.87132477191911,1.01538961903915
2,0.735341418092432,-1.70070202478609,1.16740064074217
1,-0.00823414011165849,0.268275661264519,-0.862595981569731
3,1.05136576150331,1.57006298385418,0.893529082078659
2,2.01824795225632,0.154305812710286,1.92854126372189
1,-0.361842923724189,-0.0906632082751427,0.436064602718894
4,-1.20477613451108,1.48475161028767,-1.58422784688672
3,0.528667577290632,1.48475161028767,0.886121206720984
4,-1.03983661620844,0.866031509165359,-0.278159387240417
1,-0.513500021573034,0.179693409750166,-0.159114130940372
4,-1.63539094997427,1.14350611602164,-1.82829482059378
3,0.405233874717501,1.22439414576974,-0.552030945903928
4,-1.00043550780756,1.48475161028767,-1.31317156888365
3,0.42180713410487,1.05377139863672,0.122684286392645
4,0.00227145029548202,0.870454852983766,-1.90271974122203
4,-1.34171822729552,1.57006298385418,-1.53449593320586
3,0.426878129138198,0.00349485292817997,0.567629312385674
1,0.878313399251564,-1.57019126682879,-0.999791252557402
3,0.456098198360812,1.39501689290276,0.480684938390692
2,0.483463818778655,-2.73713230610413,-0.486964298195888
1,0.395914415915306,-0.341021519285698,0.0701370920513406
3,1.79765861739431,0.699255872915468,1.03302065041494
1,-0.304048082218515,-1.50142080266535,-1.63395976056758
4,-0.329020956178328,1.57006298385418,-1.33080260025945
2,0.734767876845763,-0.824895337093689,0.749444919045143
3,-0.314614473491468,0.866031509165359,-0.173583981869639
3,0.171996461514181,1.57006298385418,-0.594354984227111
3,-0.482784029861869,0.703679216733875,0.348601245412082
1,0.177354227170844,-0.626190347908229,0.796361552065556
4,-2.13443875390898,1.14350611602164,-0.696115108937444
3,0.768162117132227,1.14350611602164,0.878713331363308
2,1.87351756675164,-0.0163169344227305,1.56031745570573
4,-0.729878673271718,1.57006298385418,-1.45495943456855
2,1.49855256784781,-1.42207495205925,1.46826150370168
2,0.961652118951588,-2.55823910426958,0.137500037107996
4,-0.895393001327091,0.887571995322113,-1.08673562655238
2,1.13080232041755,-2.38704012420128,1.37620555169764
3,0.669474050255321,0.180269642685448,-0.0596503035786548
3,0.418516295171295,0.601826933764301,1.5231049953916
4,-0.951102350246209,1.39944023672116,-0.273047809231356
3,1.51240852954827,1.57006298385418,0.657388967041101
3,0.20571525302952,1.04934805481832,0.214221255084857
2,1.46755107401938,-2.38761635713656,0.535528430080612
3,1.50184340678139,0.869878620048484,0.836389293040125
1,-0.211391172222362,-0.553572772861661,0.886121206720984
3,1.09951405596578,1.57006298385418,1.02050119704821
3,0.109131893481244,1.57006298385418,1.06512153272001
2,1.02729224852511,-2.82244367967064,0.475573360381632
I only stay at Hilton branded hotels.,3,2,5
2,1.4401867221076,-0.542031440212283,0.689489849346163
3,0.438952666232841,1.39116978201963,0.211924957736241
4,-1.04705009917594,1.05819474245513,-1.83288741529101
2,2.01796118163298,-2.05464131757206,1.47566937905936
1,-0.981756272585495,-0.568961216394164,-0.0838243272142116
3,0.683328743449718,0.694832529097061,0.702009302712899
2,1.40225724742894,-0.359291127494608,1.70721689939969
3,-0.304048082218515,1.57006298385418,-0.175880279218254
4,-0.360981343348119,1.31412886315465,-1.12905966487557
2,1.78233102197163,-1.61539065121958,1.33899309138352
2,1.7567250744054,-2.05464131757206,2.02059721572594
3,0.744986696629569,1.21997080195133,0.398852142404771
3,0.655618088554859,1.57006298385418,0.438360900067509
1,-0.376269889659188,-0.717077531163707,1.37620555169764
2,0.772351048541346,-0.184245036543184,0.503427547775549
1,0.107373489135696,-0.366985349260859,0.794065254716941
2,0.779279029391578,-0.565114105511038,1.33899309138352
3,-0.0972551766972213,1.57006298385418,-0.32507602026083
3,0.707057221950905,1.57006298385418,-0.190696029933604
2,1.34172589349428,-0.199633480075687,1.04324380643307
3,0.782916171308234,1.21997080195133,0.97076928336735
3,1.58463033698895,1.03338337835053,1.19209364768956
3,0.806989684286436,1.57006298385418,0.169600919413058
2,1.71850882910341,-1.61539065121958,1.53051287074928
4,-0.778313738357523,1.57006298385418,-1.0174222839332
2,0.867174735238008,-1.26472223638145,0.70712088072196
4,-2.27888236879033,1.57006298385418,-1.1415791182423
3,0.790190455141546,1.57006298385418,1.46826150370168
3,1.192172234468,1.57006298385418,1.70721689939969
3,1.87351756675164,0.694832529097061,0.888417504069599
3,0.748623838546225,1.57006298385418,1.00798174368147
LIKE HAVING CAMERAS EVERYWHERE TO WATCH EVERY MOVE I MAKE.,,,
THIS WOULD NOT BE ALLOWED IN MY WORLD.,4,1,7
3,1.43654958019095,1.57006298385418,1.43104904338756
2,0.85150083683225,-1.25318090373207,0.891232784730044
3,1.80129575931097,0.694832529097061,1.46826150370168
2,1.4401867221076,-2.31057543827159,0.739221763027022
2,0.624616594726426,-1.61539065121958,0.13009216175032
3,0.924355717879339,1.48475161028767,-0.32559500357266
3,-0.420782310711068,1.21997080195133,0.659685264389716
3,-0.00130742776749349,1.57006298385418,0.436064602718894
2,1.65685214442962,-1.96932994400555,0.0324056484253873
2,1.50548054869804,-1.6803140044999,1.2841495996936
4,0.00437742613017755,0.716949248189097,-1.53449593320586
4,-1.60109861721226,1.57006298385418,-2.36299950124224
4,-1.88998584697496,0.162000034476538,-1.30805999087459
2,1.3041427217987,-2.04637086287053,1.15488118737543
3,-0.159605735843235,1.14350611602164,-0.243762207586739
2,-0.737378926862552,-1.96932994400555,2.02059721572594
2,1.58099319507229,-1.26145135843361,1.43104904338756
3,1.74440154729297,1.57006298385418,0.361120698778818
4,-1.0609060608764,-0.351020672793075,-2.2709435492382
2,1.72907395187029,-1.44034456026816,1.37620555169764
4,-0.396193520339878,1.57006298385418,-1.99477569322607
3,1.54306372039363,-0.00535183470863443,-0.345176432510987
3,0.215357994554525,1.57006298385418,-0.0596503035786548
2,1.10973287574959,-1.87959522662064,1.19950152304723
2,1.14073436957802,-1.69685491390296,1.02050119704821
2,1.61199468890072,-0.717077531163707,1.29666905306034
2,1.21988415786893,-1.34676273200012,1.11766872706131
1,-1.01155242006691,0.716949248189097,0.915925791677431
2,0.445880647083072,-1.96932994400555,0.935853120401842
4,-0.836740384963546,1.57006298385418,-0.233539051568618
2,1.72907395187029,-0.180397925660058,0.933556823053227
3,0.583396281114186,1.39116978201963,-0.465086571908946
2,1.80129575931097,-2.05464131757206,1.46826150370168
2,1.58463033698895,-1.96932994400555,1.19209364768956
2,0.562613607069559,-2.82244367967064,0.620176506726978
2,2.01796118163298,-1.96932994400555,1.74442935971381
2,2.01796118163298,-1.07486393483281,1.74442935971381
2,1.64992416357939,-2.82244367967064,0.124461600429429
4,-2.25109488417832,1.48475161028767,-0.693299828276998
2,2.01796118163298,-2.73713230610413,1.61004936938658
3,0.669474050255321,0.623367419921055,-0.686410936231153
2,0.965289260868244,-1.96932994400555,0.351416526072527
2,1.49344379220894,-1.96932994400555,0.702009302712899
2,2.01796118163298,-2.22526406470508,1.74442935971381
2,1.72907395187029,-2.64355047783609,1.37620555169764
4,-1.36546845755091,1.57006298385418,-1.40522752088769
2,2.01796118163298,-1.61154354033646,1.74442935971381
2,1.54306372039363,-0.180397925660058,1.83648531171785
2,0.47506420420621,-2.82244367967064,-1.40522752088769
2,1.64992416357939,-1.96932994400555,0.436064602718894
4,-0.981470770468227,1.57006298385418,0.0306283343886027
2,1.18559182510692,-1.79428385305413,1.57794848708152
2,1.18195468319026,-1.79428385305413,0.933556823053227
2,1.65685214442962,-2.82244367967064,1.2841495996936
2,1.94573937419231,-1.96932994400555,1.24693713937948
2,1.94573937419231,-1.96932994400555,1.65237340770977
2,1.80129575931097,-2.82244367967064,1.2841495996936
2,2.16240479651433,-1.96932994400555,1.92854126372189
2,1.58463033698895,-1.96932994400555,1.19209364768956
2,0.562613607069559,-1.96932994400555,0.896344362739104
2,1.51240852954827,-1.96932994400555,1.10003769568552
2,1.65685214442962,-1.96932994400555,1.2841495996936
4,-1.27064477085425,1.57006298385418,-2.2709435492382
4,-1.6730336540296,1.57006298385418,-1.49728347289174
1,0.345948184747541,-1.03351166132514,-1.44243998120182
3,-0.149388184565495,1.57006298385418,-0.18891871589682